order_id,customer_id,product_id,quantity,total_price,order_date,order_status
ORD-0001,CUST-009,11,3,60000,2025-01-13,completed
ORD-0001,CUST-009,53,2,24000,2025-01-13,completed
ORD-0001,CUST-009,54,5,60000,2025-01-13,completed
ORD-0002,CUST-004,44,4,96000,2025-01-22,completed
ORD-0002,CUST-004,36,3,30000,2025-01-22,completed
ORD-0002,CUST-004,22,4,20000,2025-01-22,completed
ORD-0003,CUST-012,23,3,54000,2025-01-16,completed
ORD-0003,CUST-012,43,5,150000,2025-01-16,completed
ORD-0003,CUST-012,42,5,50000,2025-01-16,completed
ORD-0003,CUST-012,41,1,24000,2025-01-16,completed
ORD-0004,CUST-002,7,5,325000,2025-01-04,completed
ORD-0004,CUST-002,9,3,195000,2025-01-04,completed
ORD-0004,CUST-002,10,2,130000,2025-01-04,completed
ORD-0005,CUST-014,23,2,36000,2024-12-06,completed
ORD-0005,CUST-014,30,3,15000,2024-12-06,completed
ORD-0005,CUST-014,8,1,65000,2024-12-06,completed
ORD-0006,CUST-009,30,1,10000,2024-12-17,completed
ORD-0006,CUST-009,15,1,32000,2024-12-17,completed
ORD-0006,CUST-009,6,1,70000,2024-12-17,completed
ORD-0007,CUST-006,38,5,50000,2024-12-07,completed
ORD-0007,CUST-006,36,1,18000,2024-12-07,completed
ORD-0008,CUST-014,40,2,10000,2025-02-03,completed
ORD-0008,CUST-014,32,3,30000,2025-02-03,completed
ORD-0008,CUST-014,6,3,195000,2025-02-03,completed
ORD-0009,CUST-013,15,4,80000,2025-02-05,completed
ORD-0009,CUST-013,30,5,70000,2025-02-05,completed
ORD-0009,CUST-013,6,4,160000,2025-02-05,completed
ORD-0010,CUST-016,17,5,90000,2025-01-06,completed
ORD-0010,CUST-016,27,3,42000,2025-01-06,completed
ORD-0011,CUST-016,44,5,120000,2025-01-26,completed
ORD-0011,CUST-016,22,2,20000,2025-01-26,completed
ORD-0011,CUST-016,36,5,25000,2025-01-26,completed
ORD-0011,CUST-016,45,1,10000,2025-01-26,completed
ORD-0012,CUST-016,7,3,195000,2025-02-12,completed
ORD-0012,CUST-016,31,1,18000,2025-02-12,completed
ORD-0012,CUST-016,1,4,260000,2025-02-12,completed
ORD-0013,CUST-019,14,1,32000,2024-12-29,completed
ORD-0013,CUST-019,18,2,64000,2024-12-29,completed
ORD-0013,CUST-019,19,2,64000,2024-12-29,completed
ORD-0014,CUST-019,54,5,120000,2025-02-17,completed
ORD-0014,CUST-019,53,3,9000,2025-02-17,completed
ORD-0015,CUST-012,53,1,3000,2025-01-16,completed
ORD-0015,CUST-012,36,3,15000,2025-01-16,completed
ORD-0015,CUST-012,51,2,20000,2025-01-16,completed
ORD-0016,CUST-004,18,2,40000,2024-12-04,completed
ORD-0016,CUST-004,30,5,50000,2024-12-04,completed
ORD-0016,CUST-004,32,2,28000,2024-12-04,completed
ORD-0017,CUST-020,14,4,80000,2024-12-07,completed
ORD-0017,CUST-020,13,2,64000,2024-12-07,completed
ORD-0017,CUST-020,32,2,36000,2024-12-07,completed
ORD-0017,CUST-020,19,4,128000,2024-12-07,completed
ORD-0018,CUST-005,57,2,48000,2024-12-19,completed
ORD-0018,CUST-005,56,5,60000,2024-12-19,completed
ORD-0018,CUST-005,48,3,60000,2024-12-19,completed
ORD-0018,CUST-005,42,5,150000,2024-12-19,completed
ORD-0019,CUST-020,47,7,168000,2025-02-05,completed
ORD-0019,CUST-020,52,6,144000,2025-02-05,completed
ORD-0020,CUST-006,57,3,54000,2024-12-19,completed
ORD-0020,CUST-006,50,6,60000,2024-12-19,completed
ORD-0020,CUST-006,48,5,100000,2024-12-19,completed
ORD-0021,CUST-019,24,1,10000,2025-02-12,completed
ORD-0021,CUST-019,55,3,72000,2025-02-12,completed
ORD-0021,CUST-019,56,3,72000,2025-02-12,completed
ORD-0021,CUST-019,51,1,30000,2025-02-12,completed
ORD-0021,CUST-019,15,2,40000,2025-02-12,completed
ORD-0022,CUST-020,34,1,18000,2025-01-18,completed
ORD-0022,CUST-020,18,3,96000,2025-01-18,completed
ORD-0023,CUST-013,37,2,10000,2025-01-13,completed
ORD-0023,CUST-013,21,1,10000,2025-01-13,completed
ORD-0023,CUST-013,34,3,15000,2025-01-13,completed
ORD-0024,CUST-004,34,3,42000,2024-12-03,completed
ORD-0024,CUST-004,35,3,42000,2024-12-03,completed
ORD-0024,CUST-004,21,1,14000,2024-12-03,completed
ORD-0025,CUST-002,46,2,60000,2025-01-28,completed
ORD-0025,CUST-002,38,2,28000,2025-01-28,completed
ORD-0026,CUST-017,15,3,36000,2024-12-13,completed
ORD-0026,CUST-017,6,2,140000,2024-12-13,completed
ORD-0026,CUST-017,30,2,20000,2024-12-13,completed
ORD-0027,CUST-015,57,5,90000,2025-01-10,completed
ORD-0027,CUST-015,42,1,20000,2025-01-10,completed
ORD-0028,CUST-020,1,5,150000,2025-01-12,completed
ORD-0028,CUST-020,13,2,40000,2025-01-12,completed
ORD-0028,CUST-020,35,4,72000,2025-01-12,completed
ORD-0028,CUST-020,43,5,150000,2025-01-12,completed
ORD-0028,CUST-020,22,2,28000,2025-01-12,completed
ORD-0029,CUST-009,33,4,56000,2024-12-14,completed
ORD-0029,CUST-009,30,5,90000,2024-12-14,completed
ORD-0029,CUST-009,4,4,260000,2024-12-14,completed
ORD-0029,CUST-009,7,3,195000,2024-12-14,completed
ORD-0030,CUST-017,1,3,90000,2025-02-20,completed
ORD-0030,CUST-017,7,4,260000,2025-02-20,completed
ORD-0030,CUST-017,11,3,96000,2025-02-20,completed
ORD-0030,CUST-017,31,2,28000,2025-02-20,completed
ORD-0031,CUST-008,40,4,40000,2024-12-16,completed
ORD-0031,CUST-008,27,3,42000,2024-12-16,completed
ORD-0031,CUST-008,51,3,60000,2024-12-16,completed
ORD-0031,CUST-008,24,5,70000,2024-12-16,completed
ORD-0032,CUST-005,29,2,20000,2025-01-26,completed
ORD-0032,CUST-005,38,4,40000,2025-01-26,completed
ORD-0033,CUST-020,33,3,30000,2025-01-26,completed
ORD-0033,CUST-020,19,3,36000,2025-01-26,completed
ORD-0033,CUST-020,32,2,10000,2025-01-26,completed
ORD-0034,CUST-003,47,3,72000,2025-01-11,completed
ORD-0034,CUST-003,26,3,42000,2025-01-11,completed
ORD-0035,CUST-019,19,5,160000,2025-01-15,completed
ORD-0035,CUST-019,14,2,40000,2025-01-15,completed
ORD-0035,CUST-019,13,3,54000,2025-01-15,completed
ORD-0035,CUST-019,32,2,36000,2025-01-15,completed
ORD-0036,CUST-004,34,2,36000,2024-12-22,completed
ORD-0036,CUST-004,48,1,20000,2024-12-22,completed
ORD-0037,CUST-010,20,3,96000,2025-02-04,completed
ORD-0037,CUST-010,35,4,20000,2025-02-04,completed
ORD-0038,CUST-012,16,2,36000,2025-02-25,completed
ORD-0038,CUST-012,10,1,40000,2025-02-25,completed
ORD-0038,CUST-012,51,1,20000,2025-02-25,completed
ORD-0038,CUST-012,6,3,210000,2025-02-25,completed
ORD-0039,CUST-004,53,3,72000,2025-02-02,completed
ORD-0039,CUST-004,23,4,40000,2025-02-02,completed
ORD-0039,CUST-004,16,4,80000,2025-02-02,completed
ORD-0039,CUST-004,41,3,60000,2025-02-02,completed
ORD-0039,CUST-004,28,4,72000,2025-02-02,completed
ORD-0040,CUST-016,31,1,14000,2024-12-13,completed
ORD-0040,CUST-016,1,3,210000,2024-12-13,completed
ORD-0040,CUST-016,7,2,60000,2024-12-13,completed
ORD-0040,CUST-016,11,3,60000,2024-12-13,completed
ORD-0041,CUST-006,27,2,28000,2025-01-08,completed
ORD-0041,CUST-006,53,1,24000,2025-01-08,completed
ORD-0042,CUST-003,15,1,32000,2025-02-03,completed
ORD-0042,CUST-003,39,5,25000,2025-02-03,completed
ORD-0042,CUST-003,2,1,70000,2025-02-03,completed
ORD-0042,CUST-003,24,3,42000,2025-02-03,completed
ORD-0043,CUST-016,3,2,140000,2024-12-29,completed
ORD-0043,CUST-016,4,2,130000,2024-12-29,completed
ORD-0044,CUST-012,52,8,96000,2024-12-27,completed
ORD-0044,CUST-012,48,4,96000,2024-12-27,completed
ORD-0044,CUST-012,57,1,3000,2024-12-27,completed
ORD-0045,CUST-020,56,2,6000,2025-01-19,completed
ORD-0045,CUST-020,14,5,90000,2025-01-19,completed
ORD-0046,CUST-011,8,1,65000,2024-12-16,cancelled
ORD-0046,CUST-011,12,2,36000,2024-12-16,cancelled
ORD-0046,CUST-011,10,2,130000,2024-12-16,cancelled
ORD-0047,CUST-008,12,4,128000,2025-01-24,cancelled
ORD-0047,CUST-008,18,3,96000,2025-01-24,cancelled
ORD-0047,CUST-008,51,1,20000,2025-01-24,cancelled
ORD-0047,CUST-008,10,4,280000,2025-01-24,cancelled
ORD-0047,CUST-008,36,2,28000,2025-01-24,cancelled
ORD-0048,CUST-008,9,2,140000,2025-02-17,completed
ORD-0048,CUST-008,12,5,60000,2025-02-17,completed
ORD-0048,CUST-008,7,3,195000,2025-02-17,completed
ORD-0048,CUST-008,8,4,120000,2025-02-17,completed
ORD-0049,CUST-014,1,5,150000,2025-02-07,completed
ORD-0049,CUST-014,11,4,72000,2025-02-07,completed
ORD-0049,CUST-014,31,2,20000,2025-02-07,completed
ORD-0050,CUST-014,49,5,150000,2025-01-11,completed
ORD-0050,CUST-014,24,2,28000,2025-01-11,completed
ORD-0050,CUST-014,7,2,80000,2025-01-11,completed
ORD-0050,CUST-014,50,10,300000,2025-01-11,completed
ORD-0051,CUST-004,10,1,40000,2024-12-11,completed
ORD-0051,CUST-004,51,3,60000,2024-12-11,completed
ORD-0052,CUST-013,12,3,36000,2025-02-03,completed
ORD-0052,CUST-013,10,3,195000,2025-02-03,completed
ORD-0053,CUST-012,28,5,50000,2025-01-16,completed
ORD-0053,CUST-012,54,5,120000,2025-01-16,completed
ORD-0054,CUST-015,7,3,195000,2025-02-05,completed
ORD-0054,CUST-015,9,1,70000,2025-02-05,completed
ORD-0054,CUST-015,10,5,200000,2025-02-05,completed
ORD-0054,CUST-015,12,3,36000,2025-02-05,completed
ORD-0055,CUST-013,13,2,24000,2025-01-06,completed
ORD-0055,CUST-013,33,1,5000,2025-01-06,completed
ORD-0055,CUST-013,14,1,18000,2025-01-06,completed
ORD-0056,CUST-013,48,4,120000,2024-12-23,completed
ORD-0056,CUST-013,42,2,48000,2024-12-23,completed
ORD-0056,CUST-013,57,1,12000,2024-12-23,completed
ORD-0057,CUST-004,48,1,10000,2024-12-03,cancelled
ORD-0057,CUST-004,43,3,60000,2024-12-03,cancelled
ORD-0057,CUST-004,4,3,120000,2024-12-03,cancelled
ORD-0057,CUST-004,57,5,120000,2024-12-03,cancelled
ORD-0058,CUST-016,7,3,120000,2025-02-25,completed
ORD-0058,CUST-016,8,4,160000,2025-02-25,completed
ORD-0058,CUST-016,10,5,325000,2025-02-25,completed
ORD-0059,CUST-001,6,4,160000,2025-02-14,completed
ORD-0059,CUST-001,15,5,90000,2025-02-14,completed
ORD-0060,CUST-011,2,4,120000,2025-02-04,completed
ORD-0060,CUST-011,5,2,140000,2025-02-04,completed
ORD-0060,CUST-011,1,5,350000,2025-02-04,completed
ORD-0061,CUST-008,9,3,120000,2025-01-26,completed
ORD-0061,CUST-008,8,4,160000,2025-01-26,completed
ORD-0062,CUST-017,11,2,24000,2024-12-23,completed
ORD-0062,CUST-017,53,3,36000,2024-12-23,completed
ORD-0063,CUST-005,54,2,24000,2024-12-07,completed
ORD-0063,CUST-005,53,2,6000,2024-12-07,completed
ORD-0064,CUST-007,24,5,25000,2024-12-11,completed
ORD-0064,CUST-007,51,1,10000,2024-12-11,completed
ORD-0065,CUST-001,45,2,60000,2025-02-28,completed
ORD-0065,CUST-001,55,3,54000,2025-02-28,completed
ORD-0065,CUST-001,14,3,36000,2025-02-28,completed
ORD-0066,CUST-017,50,10,200000,2025-01-16,completed
ORD-0066,CUST-017,57,5,60000,2025-01-16,completed
ORD-0066,CUST-017,52,8,144000,2025-01-16,completed
ORD-0067,CUST-014,16,4,48000,2024-12-11,completed
ORD-0067,CUST-014,13,3,60000,2024-12-11,completed
ORD-0068,CUST-016,18,4,80000,2024-12-17,completed
ORD-0068,CUST-016,16,1,12000,2024-12-17,completed
ORD-0068,CUST-016,14,1,18000,2024-12-17,completed
ORD-0069,CUST-018,44,2,20000,2025-02-24,completed
ORD-0069,CUST-018,36,5,25000,2025-02-24,completed
ORD-0070,CUST-016,3,2,80000,2025-02-11,completed
ORD-0070,CUST-016,5,3,120000,2025-02-11,completed
ORD-0071,CUST-004,40,2,36000,2024-12-17,completed
ORD-0071,CUST-004,27,5,25000,2024-12-17,completed
ORD-0072,CUST-013,45,2,48000,2024-12-04,completed
ORD-0072,CUST-013,36,2,36000,2024-12-04,completed
ORD-0072,CUST-013,22,3,42000,2024-12-04,completed
ORD-0073,CUST-018,50,7,210000,2025-01-30,completed
ORD-0073,CUST-018,45,1,10000,2025-01-30,completed
ORD-0073,CUST-018,39,1,18000,2025-01-30,completed
ORD-0073,CUST-018,34,1,5000,2025-01-30,completed
ORD-0074,CUST-012,55,5,90000,2024-12-21,completed
ORD-0074,CUST-012,50,6,144000,2024-12-21,completed
ORD-0074,CUST-012,7,5,150000,2024-12-21,completed
ORD-0075,CUST-006,22,2,28000,2025-01-26,completed
ORD-0075,CUST-006,46,3,72000,2025-01-26,completed
ORD-0075,CUST-006,38,2,20000,2025-01-26,completed
ORD-0075,CUST-006,36,3,30000,2025-01-26,completed
ORD-0076,CUST-018,42,3,60000,2025-01-14,completed
ORD-0076,CUST-018,56,1,12000,2025-01-14,completed
ORD-0077,CUST-015,9,2,140000,2025-02-19,completed
ORD-0077,CUST-015,8,1,40000,2025-02-19,completed
ORD-0078,CUST-015,24,2,10000,2025-01-02,completed
ORD-0078,CUST-015,54,1,18000,2025-01-02,completed
ORD-0078,CUST-015,52,5,60000,2025-01-02,completed
ORD-0078,CUST-015,48,1,20000,2025-01-02,completed
ORD-0078,CUST-015,2,5,350000,2025-01-02,completed
ORD-0079,CUST-012,16,4,72000,2025-02-26,cancelled
ORD-0079,CUST-012,25,5,25000,2025-02-26,cancelled
ORD-0079,CUST-012,18,2,24000,2025-02-26,cancelled
ORD-0080,CUST-003,33,3,42000,2024-12-01,completed
ORD-0080,CUST-003,13,2,64000,2024-12-01,completed
ORD-0081,CUST-020,22,1,18000,2025-02-25,completed
ORD-0081,CUST-020,38,1,18000,2025-02-25,completed
ORD-0082,CUST-015,48,3,90000,2025-02-10,completed
ORD-0082,CUST-015,57,4,72000,2025-02-10,completed
ORD-0082,CUST-015,42,4,40000,2025-02-10,completed
ORD-0083,CUST-001,37,4,56000,2025-02-07,completed
ORD-0083,CUST-001,27,2,36000,2025-02-07,completed
ORD-0083,CUST-001,9,3,195000,2025-02-07,completed
ORD-0083,CUST-001,16,1,18000,2025-02-07,completed
ORD-0083,CUST-001,47,5,120000,2025-02-07,completed
ORD-0084,CUST-005,32,1,18000,2025-02-10,completed
ORD-0084,CUST-005,18,3,96000,2025-02-10,completed
ORD-0084,CUST-005,19,5,160000,2025-02-10,completed
ORD-0084,CUST-005,14,4,80000,2025-02-10,completed
ORD-0085,CUST-013,11,2,36000,2024-12-08,completed
ORD-0085,CUST-013,7,1,70000,2024-12-08,completed
ORD-0085,CUST-013,31,3,30000,2024-12-08,completed
ORD-0085,CUST-013,1,2,80000,2024-12-08,completed
ORD-0086,CUST-016,1,3,90000,2025-02-26,completed
ORD-0086,CUST-016,3,2,130000,2025-02-26,completed
ORD-0087,CUST-011,23,2,10000,2025-02-16,completed
ORD-0087,CUST-011,18,4,128000,2025-02-16,completed
ORD-0087,CUST-011,3,4,120000,2025-02-16,completed
ORD-0087,CUST-011,26,3,30000,2025-02-16,completed
ORD-0088,CUST-015,4,4,160000,2024-12-01,completed
ORD-0088,CUST-015,1,3,210000,2024-12-01,completed
ORD-0088,CUST-015,3,5,200000,2024-12-01,completed
ORD-0088,CUST-015,2,4,260000,2024-12-01,completed
ORD-0089,CUST-012,56,2,6000,2025-01-26,completed
ORD-0089,CUST-012,39,4,56000,2025-01-26,completed
ORD-0090,CUST-019,54,3,9000,2024-12-28,completed
ORD-0090,CUST-019,53,3,54000,2024-12-28,completed
ORD-0090,CUST-019,11,1,12000,2024-12-28,completed
ORD-0091,CUST-020,42,1,30000,2025-02-02,completed
ORD-0091,CUST-020,23,2,10000,2025-02-02,completed
ORD-0092,CUST-020,1,3,210000,2025-02-01,completed
ORD-0092,CUST-020,2,3,195000,2025-02-01,completed
ORD-0092,CUST-020,5,3,210000,2025-02-01,completed
ORD-0092,CUST-020,3,1,70000,2025-02-01,completed
ORD-0093,CUST-001,40,3,54000,2024-12-23,completed
ORD-0093,CUST-001,24,4,20000,2024-12-23,completed
ORD-0093,CUST-001,27,1,5000,2024-12-23,completed
ORD-0093,CUST-001,51,2,60000,2024-12-23,completed
ORD-0094,CUST-011,53,3,9000,2024-12-08,completed
ORD-0094,CUST-011,11,3,96000,2024-12-08,completed
ORD-0095,CUST-013,39,5,70000,2025-02-11,completed
ORD-0095,CUST-013,11,5,100000,2025-02-11,completed
ORD-0095,CUST-013,20,3,54000,2025-02-11,completed
ORD-0095,CUST-013,7,1,70000,2025-02-11,completed
ORD-0095,CUST-013,57,1,18000,2025-02-11,completed
ORD-0096,CUST-008,45,1,10000,2025-02-03,completed
ORD-0096,CUST-008,36,1,5000,2025-02-03,completed
ORD-0096,CUST-008,22,3,42000,2025-02-03,completed
ORD-0097,CUST-014,22,1,14000,2025-01-18,completed
ORD-0097,CUST-014,36,2,36000,2025-01-18,completed
ORD-0097,CUST-014,45,3,72000,2025-01-18,completed
ORD-0097,CUST-014,44,5,120000,2025-01-18,completed
ORD-0098,CUST-010,17,4,80000,2024-12-21,completed
ORD-0098,CUST-010,16,5,160000,2024-12-21,completed
ORD-0098,CUST-010,14,1,32000,2024-12-21,completed
ORD-0099,CUST-016,7,5,200000,2024-12-02,completed
ORD-0099,CUST-016,38,2,20000,2024-12-02,completed
ORD-0099,CUST-016,49,1,24000,2024-12-02,completed
ORD-0100,CUST-003,22,5,25000,2025-01-03,completed
ORD-0100,CUST-003,45,3,72000,2025-01-03,completed
ORD-0101,CUST-007,43,2,60000,2025-01-18,completed
ORD-0101,CUST-007,22,5,50000,2025-01-18,completed
ORD-0101,CUST-007,39,3,54000,2025-01-18,completed
ORD-0102,CUST-007,15,3,36000,2025-02-09,completed
ORD-0102,CUST-007,30,4,20000,2025-02-09,completed
ORD-0102,CUST-007,6,5,350000,2025-02-09,completed
ORD-0103,CUST-002,2,5,200000,2025-01-05,completed
ORD-0103,CUST-002,12,4,80000,2025-01-05,completed
ORD-0103,CUST-002,13,5,100000,2025-01-05,completed
ORD-0104,CUST-010,32,5,25000,2025-02-03,cancelled
ORD-0104,CUST-010,13,1,32000,2025-02-03,cancelled
ORD-0104,CUST-010,33,5,50000,2025-02-03,cancelled
ORD-0105,CUST-007,4,3,195000,2024-12-30,cancelled
ORD-0105,CUST-007,2,3,120000,2024-12-30,cancelled
ORD-0105,CUST-007,1,4,160000,2024-12-30,cancelled
ORD-0106,CUST-010,32,5,70000,2025-01-01,completed
ORD-0106,CUST-010,33,3,54000,2025-01-01,completed
ORD-0106,CUST-010,18,4,80000,2025-01-01,completed
ORD-0106,CUST-010,19,4,48000,2025-01-01,completed
ORD-0107,CUST-019,20,2,24000,2025-01-08,completed
ORD-0107,CUST-019,21,3,54000,2025-01-08,completed
ORD-0107,CUST-019,34,2,36000,2025-01-08,completed
ORD-0107,CUST-019,35,5,70000,2025-01-08,completed
ORD-0108,CUST-006,11,2,40000,2025-01-14,cancelled
ORD-0108,CUST-006,54,2,24000,2025-01-14,cancelled
ORD-0109,CUST-005,38,4,56000,2024-12-02,completed
ORD-0109,CUST-005,56,4,96000,2024-12-02,completed
ORD-0109,CUST-005,40,1,5000,2024-12-02,completed
ORD-0109,CUST-005,9,1,65000,2024-12-02,completed
ORD-0110,CUST-005,5,5,325000,2025-02-23,completed
ORD-0110,CUST-005,4,1,70000,2025-02-23,completed
ORD-0111,CUST-017,3,4,260000,2025-02-26,completed
ORD-0111,CUST-017,5,3,210000,2025-02-26,completed
ORD-0112,CUST-020,42,2,48000,2025-01-10,completed
ORD-0112,CUST-020,56,1,12000,2025-01-10,completed
ORD-0112,CUST-020,57,3,9000,2025-01-10,completed
ORD-0112,CUST-020,48,2,60000,2025-01-10,completed
ORD-0113,CUST-009,42,5,150000,2025-02-10,completed
ORD-0113,CUST-009,43,2,60000,2025-02-10,completed
ORD-0113,CUST-009,23,2,36000,2025-02-10,completed
ORD-0114,CUST-012,10,3,120000,2025-02-22,completed
ORD-0114,CUST-012,9,5,200000,2025-02-22,completed
ORD-0114,CUST-012,8,2,60000,2025-02-22,completed
ORD-0114,CUST-012,12,3,96000,2025-02-22,completed
ORD-0115,CUST-013,23,1,18000,2024-12-29,completed
ORD-0115,CUST-013,43,2,60000,2024-12-29,completed
ORD-0116,CUST-008,43,5,150000,2024-12-03,completed
ORD-0116,CUST-008,48,2,60000,2024-12-03,completed
ORD-0116,CUST-008,4,2,60000,2024-12-03,completed
ORD-0116,CUST-008,15,2,24000,2024-12-03,completed
ORD-0117,CUST-010,51,5,50000,2025-02-17,completed
ORD-0117,CUST-010,27,1,14000,2025-02-17,completed
ORD-0117,CUST-010,40,4,40000,2025-02-17,completed
ORD-0118,CUST-017,56,5,120000,2025-01-24,completed
ORD-0118,CUST-017,42,4,120000,2025-01-24,completed
ORD-0119,CUST-007,6,1,40000,2025-02-26,completed
ORD-0119,CUST-007,30,4,56000,2025-02-26,completed
ORD-0120,CUST-015,19,2,40000,2025-02-27,completed
ORD-0120,CUST-015,33,2,28000,2025-02-27,completed
ORD-0121,CUST-004,36,5,70000,2025-01-24,completed
ORD-0121,CUST-004,46,1,30000,2025-01-24,completed
ORD-0121,CUST-004,22,1,14000,2025-01-24,completed
ORD-0122,CUST-008,22,1,5000,2024-12-04,completed
ORD-0122,CUST-008,14,5,90000,2024-12-04,completed
ORD-0122,CUST-008,57,2,36000,2024-12-04,completed
ORD-0122,CUST-008,47,3,60000,2024-12-04,completed
ORD-0123,CUST-018,38,3,54000,2024-12-14,completed
ORD-0123,CUST-018,37,4,72000,2024-12-14,completed
ORD-0124,CUST-004,24,4,72000,2024-12-31,completed
ORD-0124,CUST-004,27,3,42000,2024-12-31,completed
ORD-0124,CUST-004,40,5,90000,2024-12-31,completed
ORD-0124,CUST-004,51,3,90000,2024-12-31,completed
ORD-0125,CUST-016,10,2,60000,2024-12-21,completed
ORD-0125,CUST-016,5,2,130000,2024-12-21,completed
ORD-0126,CUST-019,50,2,48000,2025-01-05,completed
ORD-0126,CUST-019,47,4,40000,2025-01-05,completed
ORD-0126,CUST-019,48,3,90000,2025-01-05,completed
ORD-0127,CUST-004,21,1,18000,2025-02-11,completed
ORD-0127,CUST-004,20,1,32000,2025-02-11,completed
ORD-0127,CUST-004,35,4,56000,2025-02-11,completed
ORD-0127,CUST-004,34,4,72000,2025-02-11,completed
ORD-0128,CUST-002,48,3,72000,2025-01-19,completed
ORD-0128,CUST-002,47,9,216000,2025-01-19,completed
ORD-0128,CUST-002,50,3,72000,2025-01-19,completed
ORD-0128,CUST-002,52,2,36000,2025-01-19,completed
ORD-0129,CUST-005,11,3,96000,2025-02-25,completed
ORD-0129,CUST-005,53,2,48000,2025-02-25,completed
ORD-0129,CUST-005,54,2,24000,2025-02-25,completed
ORD-0130,CUST-012,46,2,20000,2025-02-04,completed
ORD-0130,CUST-012,57,3,72000,2025-02-04,completed
ORD-0130,CUST-012,55,1,18000,2025-02-04,completed
ORD-0131,CUST-019,17,3,36000,2025-01-16,completed
ORD-0131,CUST-019,16,5,60000,2025-01-16,completed
ORD-0131,CUST-019,14,3,60000,2025-01-16,completed
ORD-0132,CUST-012,53,3,9000,2024-12-30,completed
ORD-0132,CUST-012,47,5,50000,2024-12-30,completed
ORD-0132,CUST-012,13,3,60000,2024-12-30,completed
ORD-0132,CUST-012,29,3,54000,2024-12-30,completed
ORD-0132,CUST-012,5,3,210000,2024-12-30,completed
ORD-0133,CUST-006,7,3,195000,2025-01-26,completed
ORD-0133,CUST-006,12,4,48000,2025-01-26,completed
ORD-0133,CUST-006,9,5,150000,2025-01-26,completed
ORD-0134,CUST-005,13,5,60000,2025-02-11,completed
ORD-0134,CUST-005,16,1,20000,2025-02-11,completed
ORD-0134,CUST-005,17,5,160000,2025-02-11,completed
ORD-0135,CUST-020,47,9,270000,2024-12-07,completed
ORD-0135,CUST-020,57,4,12000,2024-12-07,completed
ORD-0135,CUST-020,48,4,80000,2024-12-07,completed
ORD-0135,CUST-020,50,10,300000,2024-12-07,completed
ORD-0136,CUST-013,8,4,280000,2025-02-04,completed
ORD-0136,CUST-013,17,1,20000,2025-02-04,completed
ORD-0137,CUST-013,12,2,40000,2025-01-22,completed
ORD-0137,CUST-013,5,5,200000,2025-01-22,completed
ORD-0137,CUST-013,35,2,36000,2025-01-22,completed
ORD-0137,CUST-013,4,3,210000,2025-01-22,completed
ORD-0137,CUST-013,53,3,54000,2025-01-22,completed
ORD-0138,CUST-004,9,5,150000,2024-12-22,completed
ORD-0138,CUST-004,17,2,64000,2024-12-22,completed
ORD-0138,CUST-004,11,5,100000,2024-12-22,completed
ORD-0139,CUST-016,14,1,20000,2024-12-17,completed
ORD-0139,CUST-016,32,5,90000,2024-12-17,completed
ORD-0139,CUST-016,18,2,36000,2024-12-17,completed
ORD-0140,CUST-003,35,2,10000,2024-12-06,completed
ORD-0140,CUST-003,34,5,70000,2024-12-06,completed
ORD-0140,CUST-003,37,3,30000,2024-12-06,completed
ORD-0141,CUST-004,15,3,36000,2024-12-24,completed
ORD-0141,CUST-004,30,1,5000,2024-12-24,completed
ORD-0142,CUST-016,12,1,32000,2025-02-01,completed
ORD-0142,CUST-016,56,5,15000,2025-02-01,completed
ORD-0143,CUST-013,13,2,36000,2024-12-11,completed
ORD-0143,CUST-013,17,5,60000,2024-12-11,completed
ORD-0143,CUST-013,14,3,54000,2024-12-11,completed
ORD-0144,CUST-014,56,4,48000,2024-12-21,completed
ORD-0144,CUST-014,57,2,36000,2024-12-21,completed
ORD-0145,CUST-017,17,2,24000,2025-01-07,completed
ORD-0145,CUST-017,4,4,120000,2025-01-07,completed
ORD-0145,CUST-017,49,1,20000,2025-01-07,completed
ORD-0146,CUST-014,36,1,5000,2024-12-06,cancelled
ORD-0146,CUST-014,38,5,25000,2024-12-06,cancelled
ORD-0146,CUST-014,46,3,60000,2024-12-06,cancelled
ORD-0147,CUST-007,44,3,60000,2025-01-14,completed
ORD-0147,CUST-007,22,2,36000,2025-01-14,completed
ORD-0147,CUST-007,36,5,50000,2025-01-14,completed
ORD-0148,CUST-020,37,5,70000,2025-02-28,completed
ORD-0148,CUST-020,21,3,30000,2025-02-28,completed
ORD-0149,CUST-003,32,5,50000,2024-12-19,completed
ORD-0149,CUST-003,33,4,40000,2024-12-19,completed
ORD-0149,CUST-003,14,2,40000,2024-12-19,completed
ORD-0149,CUST-003,13,2,36000,2024-12-19,completed
ORD-0150,CUST-017,18,4,80000,2025-01-04,completed
ORD-0150,CUST-017,14,4,72000,2025-01-04,completed
ORD-0150,CUST-017,19,5,160000,2025-01-04,completed
ORD-0150,CUST-017,32,5,90000,2025-01-04,completed
ORD-0151,CUST-009,19,3,54000,2025-01-22,completed
ORD-0151,CUST-009,45,1,20000,2025-01-22,completed
ORD-0151,CUST-009,22,1,14000,2025-01-22,completed
ORD-0151,CUST-009,6,3,90000,2025-01-22,completed
ORD-0151,CUST-009,36,1,18000,2025-01-22,completed
ORD-0152,CUST-008,7,3,120000,2024-12-23,completed
ORD-0152,CUST-008,10,2,60000,2024-12-23,completed
ORD-0152,CUST-008,9,4,280000,2024-12-23,completed
ORD-0152,CUST-008,8,3,120000,2024-12-23,completed
ORD-0153,CUST-015,32,2,28000,2025-02-23,completed
ORD-0153,CUST-015,18,5,60000,2025-02-23,completed
ORD-0153,CUST-015,33,2,20000,2025-02-23,completed
ORD-0154,CUST-015,19,5,60000,2025-01-06,completed
ORD-0154,CUST-015,33,3,30000,2025-01-06,completed
ORD-0155,CUST-020,57,5,60000,2025-02-21,completed
ORD-0155,CUST-020,48,1,10000,2025-02-21,completed
ORD-0155,CUST-020,42,2,40000,2025-02-21,completed
ORD-0156,CUST-010,40,1,18000,2025-01-23,completed
ORD-0156,CUST-010,51,4,80000,2025-01-23,completed
ORD-0156,CUST-010,24,1,10000,2025-01-23,completed
ORD-0156,CUST-010,27,5,50000,2025-01-23,completed
ORD-0157,CUST-014,46,4,120000,2025-01-16,completed
ORD-0157,CUST-014,38,4,72000,2025-01-16,completed
ORD-0157,CUST-014,22,5,50000,2025-01-16,completed
ORD-0158,CUST-013,32,1,5000,2024-12-10,completed
ORD-0158,CUST-013,30,5,90000,2024-12-10,completed
ORD-0158,CUST-013,9,4,160000,2024-12-10,completed
ORD-0158,CUST-013,48,3,60000,2024-12-10,completed
ORD-0159,CUST-001,5,3,210000,2024-12-05,completed
ORD-0159,CUST-001,3,5,200000,2024-12-05,completed
ORD-0160,CUST-006,57,5,120000,2025-02-10,completed
ORD-0160,CUST-006,52,2,24000,2025-02-10,completed
ORD-0161,CUST-006,48,1,10000,2025-01-15,completed
ORD-0161,CUST-006,57,4,12000,2025-01-15,completed
ORD-0162,CUST-004,54,4,48000,2024-12-24,completed
ORD-0162,CUST-004,53,2,48000,2024-12-24,completed
ORD-0163,CUST-008,14,5,90000,2025-02-12,completed
ORD-0163,CUST-008,19,3,36000,2025-02-12,completed
ORD-0164,CUST-006,11,3,36000,2025-01-29,completed
ORD-0164,CUST-006,54,4,48000,2025-01-29,completed
ORD-0164,CUST-006,53,2,36000,2025-01-29,completed
ORD-0165,CUST-003,36,4,40000,2025-02-16,completed
ORD-0165,CUST-003,22,3,30000,2025-02-16,completed
ORD-0165,CUST-003,45,3,72000,2025-02-16,completed
ORD-0166,CUST-020,13,4,72000,2025-02-09,completed
ORD-0166,CUST-020,43,2,40000,2025-02-09,completed
ORD-0166,CUST-020,34,5,70000,2025-02-09,completed
ORD-0166,CUST-020,15,2,40000,2025-02-09,completed
ORD-0167,CUST-008,7,3,210000,2024-12-20,completed
ORD-0167,CUST-008,1,4,160000,2024-12-20,completed
ORD-0168,CUST-011,42,3,60000,2024-12-07,completed
ORD-0168,CUST-011,43,1,24000,2024-12-07,completed
ORD-0169,CUST-015,49,5,150000,2024-12-12,completed
ORD-0169,CUST-015,40,2,20000,2024-12-12,completed
ORD-0169,CUST-015,43,5,150000,2024-12-12,completed
ORD-0170,CUST-006,43,1,10000,2025-02-14,completed
ORD-0170,CUST-006,41,5,50000,2025-02-14,completed
ORD-0170,CUST-006,42,1,30000,2025-02-14,completed
ORD-0170,CUST-006,23,5,70000,2025-02-14,completed
ORD-0171,CUST-010,47,4,96000,2025-02-10,completed
ORD-0171,CUST-010,37,4,72000,2025-02-10,completed
ORD-0171,CUST-010,27,2,10000,2025-02-10,completed
ORD-0171,CUST-010,44,5,100000,2025-02-10,completed
ORD-0172,CUST-013,38,4,20000,2024-12-03,cancelled
ORD-0172,CUST-013,46,2,48000,2024-12-03,cancelled
ORD-0173,CUST-009,53,1,3000,2024-12-27,completed
ORD-0173,CUST-009,11,3,36000,2024-12-27,completed
ORD-0174,CUST-020,40,2,28000,2025-02-05,completed
ORD-0174,CUST-020,24,2,36000,2025-02-05,completed
ORD-0174,CUST-020,51,2,60000,2025-02-05,completed
ORD-0175,CUST-007,19,3,54000,2025-01-08,completed
ORD-0175,CUST-007,14,5,90000,2025-01-08,completed
ORD-0175,CUST-007,32,3,15000,2025-01-08,completed
ORD-0176,CUST-004,19,3,96000,2024-12-20,completed
ORD-0176,CUST-004,32,5,50000,2024-12-20,completed
ORD-0176,CUST-004,14,5,160000,2024-12-20,completed
ORD-0176,CUST-004,18,5,160000,2024-12-20,completed
ORD-0177,CUST-007,41,4,80000,2025-01-02,completed
ORD-0177,CUST-007,43,2,60000,2025-01-02,completed
ORD-0177,CUST-007,31,1,18000,2025-01-02,completed
ORD-0177,CUST-007,23,4,20000,2025-01-02,completed
ORD-0177,CUST-007,17,2,24000,2025-01-02,completed
ORD-0178,CUST-014,44,4,80000,2025-01-02,completed
ORD-0178,CUST-014,36,5,70000,2025-01-02,completed
ORD-0178,CUST-014,22,4,20000,2025-01-02,completed
ORD-0178,CUST-014,45,1,20000,2025-01-02,completed
ORD-0179,CUST-015,14,5,90000,2024-12-17,completed
ORD-0179,CUST-015,18,5,60000,2024-12-17,completed
ORD-0179,CUST-015,33,3,30000,2024-12-17,completed
ORD-0180,CUST-002,54,5,60000,2025-01-05,completed
ORD-0180,CUST-002,51,1,10000,2025-01-05,completed
ORD-0181,CUST-018,19,1,18000,2024-12-29,cancelled
ORD-0181,CUST-018,40,4,56000,2024-12-29,cancelled
ORD-0181,CUST-018,9,4,160000,2024-12-29,cancelled
ORD-0181,CUST-018,54,2,6000,2024-12-29,cancelled
ORD-0182,CUST-003,6,1,65000,2024-12-13,completed
ORD-0182,CUST-003,15,4,80000,2024-12-13,completed
ORD-0183,CUST-005,43,2,48000,2024-12-01,completed
ORD-0183,CUST-005,42,5,120000,2024-12-01,completed
ORD-0183,CUST-005,41,3,90000,2024-12-01,completed
ORD-0184,CUST-005,2,3,210000,2024-12-09,completed
ORD-0184,CUST-005,1,5,325000,2024-12-09,completed
ORD-0185,CUST-012,41,3,60000,2024-12-23,completed
ORD-0185,CUST-012,43,4,80000,2024-12-23,completed
ORD-0185,CUST-012,23,5,70000,2024-12-23,completed
ORD-0185,CUST-012,42,2,48000,2024-12-23,completed
ORD-0186,CUST-009,21,3,42000,2025-02-04,completed
ORD-0186,CUST-009,34,5,90000,2025-02-04,completed
ORD-0186,CUST-009,37,2,28000,2025-02-04,completed
ORD-0186,CUST-009,35,3,30000,2025-02-04,completed
ORD-0187,CUST-016,50,4,96000,2024-12-17,completed
ORD-0187,CUST-016,57,1,18000,2024-12-17,completed
ORD-0187,CUST-016,48,5,150000,2024-12-17,completed
ORD-0187,CUST-016,52,3,54000,2024-12-17,completed
ORD-0188,CUST-017,43,1,24000,2025-01-24,completed
ORD-0188,CUST-017,23,1,14000,2025-01-24,completed
ORD-0189,CUST-012,57,1,24000,2025-02-23,completed
ORD-0189,CUST-012,27,3,42000,2025-02-23,completed
ORD-0190,CUST-018,11,2,24000,2024-12-25,completed
ORD-0190,CUST-018,32,1,18000,2024-12-25,completed
ORD-0190,CUST-018,8,2,140000,2024-12-25,completed
ORD-0190,CUST-018,31,3,15000,2024-12-25,completed
ORD-0191,CUST-017,57,3,9000,2025-02-09,completed
ORD-0191,CUST-017,6,2,60000,2025-02-09,completed
ORD-0191,CUST-017,20,3,36000,2025-02-09,completed
ORD-0192,CUST-014,30,3,54000,2025-02-24,completed
ORD-0192,CUST-014,15,2,36000,2025-02-24,completed
ORD-0192,CUST-014,6,5,200000,2025-02-24,completed
ORD-0193,CUST-007,43,2,60000,2025-01-25,completed
ORD-0193,CUST-007,42,5,100000,2025-01-25,completed
ORD-0193,CUST-007,23,3,30000,2025-01-25,completed
ORD-0193,CUST-007,2,1,65000,2025-01-25,completed
ORD-0193,CUST-007,56,5,120000,2025-01-25,completed
ORD-0194,CUST-003,30,3,30000,2025-02-08,completed
ORD-0194,CUST-003,8,4,260000,2025-02-08,completed
ORD-0195,CUST-003,10,3,90000,2024-12-30,completed
ORD-0195,CUST-003,19,4,48000,2024-12-30,completed
ORD-0196,CUST-020,7,1,30000,2025-02-12,completed
ORD-0196,CUST-020,11,1,12000,2025-02-12,completed
ORD-0196,CUST-020,1,5,325000,2025-02-12,completed
ORD-0196,CUST-020,31,4,72000,2025-02-12,completed
ORD-0197,CUST-010,17,3,54000,2025-01-03,completed
ORD-0197,CUST-010,16,1,32000,2025-01-03,completed
ORD-0197,CUST-010,14,1,12000,2025-01-03,completed
ORD-0198,CUST-004,50,8,240000,2025-01-08,completed
ORD-0198,CUST-004,47,8,80000,2025-01-08,completed
ORD-0198,CUST-004,52,3,36000,2025-01-08,completed
ORD-0198,CUST-004,48,4,96000,2025-01-08,completed
ORD-0199,CUST-001,31,1,10000,2025-02-01,completed
ORD-0199,CUST-001,7,3,90000,2025-02-01,completed
ORD-0200,CUST-010,9,4,280000,2025-01-07,completed
ORD-0200,CUST-010,8,3,210000,2025-01-07,completed
ORD-0201,CUST-014,19,3,60000,2025-02-14,completed
ORD-0201,CUST-014,32,2,36000,2025-02-14,completed
ORD-0201,CUST-014,14,2,64000,2025-02-14,completed
ORD-0201,CUST-014,33,5,25000,2025-02-14,completed
ORD-0202,CUST-014,24,2,20000,2024-12-20,completed
ORD-0202,CUST-014,15,2,40000,2024-12-20,completed
ORD-0203,CUST-004,55,2,48000,2025-02-03,completed
ORD-0203,CUST-004,27,4,72000,2025-02-03,completed
ORD-0203,CUST-004,3,2,130000,2025-02-03,completed
ORD-0203,CUST-004,18,3,36000,2025-02-03,completed
ORD-0204,CUST-006,38,4,40000,2025-01-22,completed
ORD-0204,CUST-006,22,4,40000,2025-01-22,completed
ORD-0204,CUST-006,36,5,50000,2025-01-22,completed
ORD-0205,CUST-012,54,5,60000,2025-02-04,completed
ORD-0205,CUST-012,22,1,14000,2025-02-04,completed
ORD-0205,CUST-012,11,3,60000,2025-02-04,completed
ORD-0205,CUST-012,17,3,36000,2025-02-04,completed
ORD-0205,CUST-012,6,1,40000,2025-02-04,completed
ORD-0206,CUST-009,11,4,48000,2024-12-14,completed
ORD-0206,CUST-009,53,1,12000,2024-12-14,completed
ORD-0206,CUST-009,54,3,54000,2024-12-14,completed
ORD-0207,CUST-015,36,3,30000,2025-01-03,completed
ORD-0207,CUST-015,22,3,54000,2025-01-03,completed
ORD-0207,CUST-015,46,4,80000,2025-01-03,completed
ORD-0208,CUST-016,35,3,54000,2025-02-20,completed
ORD-0208,CUST-016,36,1,5000,2025-02-20,completed
ORD-0208,CUST-016,54,5,90000,2025-02-20,completed
ORD-0208,CUST-016,4,4,280000,2025-02-20,completed
ORD-0209,CUST-016,50,8,240000,2025-01-18,completed
ORD-0209,CUST-016,9,3,90000,2025-01-18,completed
ORD-0209,CUST-016,55,1,3000,2025-01-18,completed
ORD-0209,CUST-016,4,1,65000,2025-01-18,completed
ORD-0210,CUST-019,45,2,48000,2024-12-01,completed
ORD-0210,CUST-019,12,5,100000,2024-12-01,completed
ORD-0210,CUST-019,26,3,42000,2024-12-01,completed
ORD-0210,CUST-019,53,2,6000,2024-12-01,completed
ORD-0211,CUST-002,36,1,10000,2025-02-19,completed
ORD-0211,CUST-002,22,2,10000,2025-02-19,completed
ORD-0211,CUST-002,45,3,60000,2025-02-19,completed
ORD-0211,CUST-002,44,5,120000,2025-02-19,completed
ORD-0212,CUST-005,19,1,32000,2024-12-25,completed
ORD-0212,CUST-005,33,4,40000,2024-12-25,completed
ORD-0213,CUST-003,53,1,24000,2025-02-11,completed
ORD-0213,CUST-003,54,3,72000,2025-02-11,completed
ORD-0213,CUST-003,11,3,60000,2025-02-11,completed
ORD-0214,CUST-003,52,3,36000,2025-02-22,completed
ORD-0214,CUST-003,29,2,20000,2025-02-22,completed
ORD-0215,CUST-012,47,10,240000,2024-12-07,completed
ORD-0215,CUST-012,57,3,72000,2024-12-07,completed
ORD-0215,CUST-012,48,3,90000,2024-12-07,completed
ORD-0216,CUST-013,24,4,20000,2025-01-20,completed
ORD-0216,CUST-013,40,1,18000,2025-01-20,completed
ORD-0216,CUST-013,27,3,15000,2025-01-20,completed
ORD-0216,CUST-013,51,5,150000,2025-01-20,completed
ORD-0217,CUST-016,35,2,28000,2025-01-15,completed
ORD-0217,CUST-016,57,5,120000,2025-01-15,completed
ORD-0217,CUST-016,31,5,50000,2025-01-15,completed
ORD-0218,CUST-006,57,1,3000,2025-01-09,completed
ORD-0218,CUST-006,34,2,36000,2025-01-09,completed
ORD-0218,CUST-006,47,4,120000,2025-01-09,completed
ORD-0218,CUST-006,51,2,20000,2025-01-09,completed
ORD-0219,CUST-001,52,4,72000,2024-12-22,completed
ORD-0219,CUST-001,18,1,20000,2024-12-22,completed
ORD-0219,CUST-001,20,1,32000,2024-12-22,completed
ORD-0219,CUST-001,11,1,32000,2024-12-22,completed
ORD-0219,CUST-001,15,1,18000,2024-12-22,completed
ORD-0220,CUST-016,54,5,120000,2024-12-16,completed
ORD-0220,CUST-016,53,2,24000,2024-12-16,completed
ORD-0220,CUST-016,11,5,100000,2024-12-16,completed
ORD-0221,CUST-020,6,1,65000,2024-12-24,completed
ORD-0221,CUST-020,15,1,18000,2024-12-24,completed
ORD-0221,CUST-020,30,2,20000,2024-12-24,completed
ORD-0222,CUST-016,18,2,36000,2024-12-08,completed
ORD-0222,CUST-016,8,1,30000,2024-12-08,completed
ORD-0222,CUST-016,53,3,72000,2024-12-08,completed
ORD-0223,CUST-009,1,4,120000,2024-12-15,completed
ORD-0223,CUST-009,25,2,36000,2024-12-15,completed
ORD-0223,CUST-009,31,1,14000,2024-12-15,completed
ORD-0223,CUST-009,53,1,18000,2024-12-15,completed
ORD-0224,CUST-010,32,2,20000,2024-12-25,completed
ORD-0224,CUST-010,2,2,130000,2024-12-25,completed
ORD-0224,CUST-010,28,1,18000,2024-12-25,completed
ORD-0225,CUST-006,23,3,30000,2025-01-16,completed
ORD-0225,CUST-006,42,5,50000,2025-01-16,completed
ORD-0225,CUST-006,43,5,150000,2025-01-16,completed
ORD-0226,CUST-002,35,5,90000,2025-02-28,completed
ORD-0226,CUST-002,20,3,60000,2025-02-28,completed
ORD-0227,CUST-016,5,4,120000,2024-12-07,completed
ORD-0227,CUST-016,1,4,260000,2024-12-07,completed
ORD-0228,CUST-017,32,5,90000,2024-12-26,completed
ORD-0228,CUST-017,33,3,30000,2024-12-26,completed
ORD-0228,CUST-017,18,2,64000,2024-12-26,completed
ORD-0229,CUST-013,14,1,20000,2025-01-15,completed
ORD-0229,CUST-013,10,4,260000,2025-01-15,completed
ORD-0229,CUST-013,9,1,65000,2025-01-15,completed
ORD-0229,CUST-013,33,5,25000,2025-01-15,completed
ORD-0229,CUST-013,1,1,65000,2025-01-15,completed
ORD-0230,CUST-001,52,2,36000,2025-01-19,completed
ORD-0230,CUST-001,50,9,90000,2025-01-19,completed
ORD-0230,CUST-001,57,5,90000,2025-01-19,completed
ORD-0230,CUST-001,47,8,192000,2025-01-19,completed
ORD-0231,CUST-018,25,5,90000,2024-12-01,completed
ORD-0231,CUST-018,48,3,72000,2024-12-01,completed
ORD-0231,CUST-018,29,3,15000,2024-12-01,completed
ORD-0232,CUST-019,41,4,40000,2025-01-10,completed
ORD-0232,CUST-019,4,3,90000,2025-01-10,completed
ORD-0233,CUST-007,15,3,54000,2025-01-02,completed
ORD-0233,CUST-007,10,2,140000,2025-01-02,completed
ORD-0233,CUST-007,55,1,18000,2025-01-02,completed
ORD-0233,CUST-007,53,3,9000,2025-01-02,completed
ORD-0234,CUST-003,57,3,36000,2025-01-09,completed
ORD-0234,CUST-003,37,3,15000,2025-01-09,completed
ORD-0235,CUST-007,13,5,90000,2025-02-16,completed
ORD-0235,CUST-007,37,1,10000,2025-02-16,completed
ORD-0236,CUST-007,23,2,20000,2025-01-18,completed
ORD-0236,CUST-007,41,1,24000,2025-01-18,completed
ORD-0236,CUST-007,42,4,80000,2025-01-18,completed
ORD-0237,CUST-017,12,5,60000,2025-02-17,completed
ORD-0237,CUST-017,7,1,40000,2025-02-17,completed
ORD-0237,CUST-017,10,5,200000,2025-02-17,completed
ORD-0237,CUST-017,9,3,195000,2025-02-17,completed
ORD-0238,CUST-011,11,5,90000,2024-12-10,completed
ORD-0238,CUST-011,31,2,20000,2024-12-10,completed
ORD-0239,CUST-003,13,1,12000,2024-12-30,completed
ORD-0239,CUST-003,33,2,20000,2024-12-30,completed
ORD-0240,CUST-016,15,2,64000,2025-02-25,completed
ORD-0240,CUST-016,6,4,160000,2025-02-25,completed
ORD-0241,CUST-019,24,3,30000,2024-12-04,completed
ORD-0241,CUST-019,40,4,72000,2024-12-04,completed
ORD-0241,CUST-019,27,2,28000,2024-12-04,completed
ORD-0241,CUST-019,51,3,60000,2024-12-04,completed
ORD-0242,CUST-011,23,4,72000,2025-02-20,completed
ORD-0242,CUST-011,43,3,72000,2025-02-20,completed
ORD-0243,CUST-007,2,3,195000,2024-12-16,completed
ORD-0243,CUST-007,1,2,140000,2024-12-16,completed
ORD-0243,CUST-007,3,4,280000,2024-12-16,completed
ORD-0244,CUST-014,27,5,70000,2024-12-10,completed
ORD-0244,CUST-014,24,3,15000,2024-12-10,completed
ORD-0244,CUST-014,40,1,10000,2024-12-10,completed
ORD-0244,CUST-014,51,5,150000,2024-12-10,completed
ORD-0245,CUST-017,9,3,120000,2025-02-23,completed
ORD-0245,CUST-017,7,4,120000,2025-02-23,completed
ORD-0245,CUST-017,12,2,64000,2025-02-23,completed
ORD-0246,CUST-020,45,3,30000,2025-02-22,completed
ORD-0246,CUST-020,44,4,120000,2025-02-22,completed
ORD-0246,CUST-020,36,1,10000,2025-02-22,completed
ORD-0246,CUST-020,22,3,54000,2025-02-22,completed
ORD-0247,CUST-014,33,5,25000,2025-02-09,completed
ORD-0247,CUST-014,57,5,120000,2025-02-09,completed
ORD-0247,CUST-014,47,2,40000,2025-02-09,completed
ORD-0247,CUST-014,16,5,100000,2025-02-09,completed
ORD-0247,CUST-014,56,3,9000,2025-02-09,completed
ORD-0248,CUST-019,43,4,40000,2025-01-15,completed
ORD-0248,CUST-019,9,3,195000,2025-01-15,completed
ORD-0248,CUST-019,2,1,65000,2025-01-15,completed
ORD-0248,CUST-019,29,3,42000,2025-01-15,completed
ORD-0248,CUST-019,8,5,150000,2025-01-15,completed
ORD-0249,CUST-004,31,4,40000,2025-02-25,completed
ORD-0249,CUST-004,32,5,70000,2025-02-25,completed
ORD-0249,CUST-004,36,3,42000,2025-02-25,completed
ORD-0250,CUST-002,57,1,18000,2025-01-22,completed
ORD-0250,CUST-002,47,8,160000,2025-01-22,completed
ORD-0251,CUST-007,7,2,80000,2024-12-31,completed
ORD-0251,CUST-007,35,1,5000,2024-12-31,completed
ORD-0251,CUST-007,23,3,54000,2024-12-31,completed
ORD-0252,CUST-001,26,5,90000,2025-01-07,completed
ORD-0252,CUST-001,3,1,65000,2025-01-07,completed
ORD-0252,CUST-001,37,4,56000,2025-01-07,completed
ORD-0252,CUST-001,29,1,18000,2025-01-07,completed
ORD-0252,CUST-001,28,3,54000,2025-01-07,completed
ORD-0253,CUST-005,19,3,60000,2024-12-20,completed
ORD-0253,CUST-005,52,6,72000,2024-12-20,completed
ORD-0254,CUST-004,52,4,72000,2025-01-19,completed
ORD-0254,CUST-004,9,2,140000,2025-01-19,completed
ORD-0254,CUST-004,38,4,20000,2025-01-19,completed
ORD-0255,CUST-011,53,3,36000,2025-02-16,completed
ORD-0255,CUST-011,21,3,54000,2025-02-16,completed
ORD-0255,CUST-011,30,1,10000,2025-02-16,completed
ORD-0255,CUST-011,6,3,120000,2025-02-16,completed
ORD-0256,CUST-013,31,4,20000,2024-12-08,completed
ORD-0256,CUST-013,11,1,32000,2024-12-08,completed
ORD-0256,CUST-013,7,3,210000,2024-12-08,completed
ORD-0256,CUST-013,1,1,40000,2024-12-08,completed
ORD-0257,CUST-015,50,3,72000,2024-12-21,completed
ORD-0257,CUST-015,57,4,96000,2024-12-21,completed
ORD-0257,CUST-015,48,5,50000,2024-12-21,completed
ORD-0257,CUST-015,47,8,240000,2024-12-21,completed
ORD-0258,CUST-010,12,3,96000,2024-12-28,completed
ORD-0258,CUST-010,7,2,140000,2024-12-28,completed
ORD-0258,CUST-010,10,3,195000,2024-12-28,completed
ORD-0258,CUST-010,8,1,30000,2024-12-28,completed
ORD-0259,CUST-008,24,3,54000,2024-12-27,completed
ORD-0259,CUST-008,22,1,10000,2024-12-27,completed
ORD-0259,CUST-008,10,3,210000,2024-12-27,completed
ORD-0259,CUST-008,50,10,240000,2024-12-27,completed
ORD-0260,CUST-017,51,5,50000,2024-12-23,completed
ORD-0260,CUST-017,10,1,70000,2024-12-23,completed
ORD-0260,CUST-017,19,4,48000,2024-12-23,completed
ORD-0260,CUST-017,32,4,40000,2024-12-23,completed
ORD-0261,CUST-013,22,2,20000,2024-12-11,completed
ORD-0261,CUST-013,45,1,30000,2024-12-11,completed
ORD-0262,CUST-009,19,1,18000,2024-12-29,completed
ORD-0262,CUST-009,14,1,32000,2024-12-29,completed
ORD-0262,CUST-009,13,2,64000,2024-12-29,completed
ORD-0263,CUST-005,39,1,10000,2024-12-10,completed
ORD-0263,CUST-005,53,2,48000,2024-12-10,completed
ORD-0263,CUST-005,50,7,70000,2024-12-10,completed
ORD-0263,CUST-005,36,1,18000,2024-12-10,completed
ORD-0264,CUST-006,46,4,80000,2024-12-31,completed
ORD-0264,CUST-006,36,5,50000,2024-12-31,completed
ORD-0264,CUST-006,38,5,50000,2024-12-31,completed
ORD-0265,CUST-011,34,1,18000,2025-01-17,completed
ORD-0265,CUST-011,35,1,14000,2025-01-17,completed
ORD-0265,CUST-011,21,3,42000,2025-01-17,completed
ORD-0266,CUST-007,29,2,28000,2025-01-31,completed
ORD-0266,CUST-007,26,3,15000,2025-01-31,completed
ORD-0267,CUST-006,56,5,90000,2025-02-07,completed
ORD-0267,CUST-006,48,3,90000,2025-02-07,completed
ORD-0268,CUST-020,14,5,100000,2024-12-05,completed
ORD-0268,CUST-020,18,4,128000,2024-12-05,completed
ORD-0269,CUST-017,12,2,36000,2025-02-28,completed
ORD-0269,CUST-017,7,4,160000,2025-02-28,completed
ORD-0270,CUST-012,7,3,90000,2025-02-24,completed
ORD-0270,CUST-012,9,5,325000,2025-02-24,completed
ORD-0270,CUST-012,10,3,210000,2025-02-24,completed
ORD-0270,CUST-012,8,2,130000,2025-02-24,completed
ORD-0271,CUST-003,1,5,200000,2024-12-04,completed
ORD-0271,CUST-003,4,3,120000,2024-12-04,completed
ORD-0271,CUST-003,2,4,280000,2024-12-04,completed
ORD-0271,CUST-003,5,2,140000,2024-12-04,completed
ORD-0272,CUST-003,13,3,60000,2025-01-30,completed
ORD-0272,CUST-003,4,3,195000,2025-01-30,completed
ORD-0272,CUST-003,57,3,36000,2025-01-30,completed
ORD-0273,CUST-013,10,4,160000,2025-02-08,completed
ORD-0273,CUST-013,7,5,150000,2025-02-08,completed
ORD-0274,CUST-005,22,2,36000,2025-02-03,completed
ORD-0274,CUST-005,36,1,5000,2025-02-03,completed
ORD-0274,CUST-005,38,3,42000,2025-02-03,completed
ORD-0274,CUST-005,46,4,120000,2025-02-03,completed
ORD-0275,CUST-008,14,2,40000,2024-12-19,completed
ORD-0275,CUST-008,19,5,90000,2024-12-19,completed
ORD-0276,CUST-018,4,3,210000,2025-02-23,completed
ORD-0276,CUST-018,46,4,40000,2025-02-23,completed
ORD-0277,CUST-010,22,5,50000,2025-01-27,completed
ORD-0277,CUST-010,38,5,25000,2025-01-27,completed
ORD-0278,CUST-001,36,3,54000,2025-01-25,completed
ORD-0278,CUST-001,22,5,25000,2025-01-25,completed
ORD-0278,CUST-001,46,5,100000,2025-01-25,completed
ORD-0278,CUST-001,38,4,72000,2025-01-25,completed
ORD-0279,CUST-019,30,4,40000,2025-02-23,completed
ORD-0279,CUST-019,6,5,325000,2025-02-23,completed
ORD-0280,CUST-004,1,2,140000,2024-12-27,completed
ORD-0280,CUST-004,3,3,195000,2024-12-27,completed
ORD-0281,CUST-014,17,1,32000,2025-02-21,completed
ORD-0281,CUST-014,5,2,80000,2025-02-21,completed
ORD-0281,CUST-014,9,3,90000,2025-02-21,completed
ORD-0281,CUST-014,4,2,140000,2025-02-21,completed
ORD-0281,CUST-014,36,2,20000,2025-02-21,completed
ORD-0282,CUST-007,25,2,36000,2024-12-31,completed
ORD-0282,CUST-007,2,3,90000,2024-12-31,completed
ORD-0282,CUST-007,20,3,36000,2024-12-31,completed
ORD-0283,CUST-019,34,3,42000,2025-01-24,completed
ORD-0283,CUST-019,6,5,350000,2025-01-24,completed
ORD-0283,CUST-019,33,3,54000,2025-01-24,completed
ORD-0283,CUST-019,11,2,36000,2025-01-24,completed
ORD-0284,CUST-015,1,5,200000,2025-01-10,completed
ORD-0284,CUST-015,3,3,120000,2025-01-10,completed
ORD-0284,CUST-015,4,1,30000,2025-01-10,completed
ORD-0284,CUST-015,2,2,140000,2025-01-10,completed
ORD-0285,CUST-005,46,2,20000,2024-12-30,completed
ORD-0285,CUST-005,34,1,18000,2024-12-30,completed
ORD-0285,CUST-005,13,5,90000,2024-12-30,completed
ORD-0285,CUST-005,35,5,25000,2024-12-30,completed
ORD-0286,CUST-001,26,1,18000,2024-12-18,completed
ORD-0286,CUST-001,37,1,14000,2024-12-18,completed
ORD-0286,CUST-001,15,2,36000,2024-12-18,completed
ORD-0286,CUST-001,36,1,14000,2024-12-18,completed
ORD-0286,CUST-001,19,2,24000,2024-12-18,completed
ORD-0287,CUST-017,43,2,40000,2025-01-22,completed
ORD-0287,CUST-017,23,4,72000,2025-01-22,completed
ORD-0287,CUST-017,41,4,80000,2025-01-22,completed
ORD-0287,CUST-017,42,2,40000,2025-01-22,completed
ORD-0288,CUST-004,35,1,14000,2025-02-26,completed
ORD-0288,CUST-004,40,1,10000,2025-02-26,completed
ORD-0288,CUST-004,10,1,30000,2025-02-26,completed
ORD-0289,CUST-004,7,2,60000,2025-01-06,completed
ORD-0289,CUST-004,31,3,15000,2025-01-06,completed
ORD-0290,CUST-004,32,5,70000,2025-02-02,completed
ORD-0290,CUST-004,18,5,60000,2025-02-02,completed
ORD-0290,CUST-004,19,1,20000,2025-02-02,completed
ORD-0291,CUST-014,33,4,72000,2025-01-03,completed
ORD-0291,CUST-014,13,1,32000,2025-01-03,completed
ORD-0291,CUST-014,32,4,72000,2025-01-03,completed
ORD-0292,CUST-001,3,1,70000,2025-02-18,completed
ORD-0292,CUST-001,5,3,120000,2025-02-18,completed
ORD-0293,CUST-007,48,4,120000,2024-12-11,completed
ORD-0293,CUST-007,57,5,90000,2024-12-11,completed
ORD-0293,CUST-007,50,3,30000,2024-12-11,completed
ORD-0293,CUST-007,52,10,180000,2024-12-11,completed
ORD-0294,CUST-009,1,1,40000,2025-01-27,completed
ORD-0294,CUST-009,7,5,350000,2025-01-27,completed
ORD-0294,CUST-009,31,4,56000,2025-01-27,completed
ORD-0295,CUST-011,14,3,54000,2024-12-08,completed
ORD-0295,CUST-011,19,2,40000,2024-12-08,completed
ORD-0295,CUST-011,18,1,32000,2024-12-08,completed
ORD-0295,CUST-011,32,2,20000,2024-12-08,completed
ORD-0296,CUST-011,19,3,54000,2024-12-03,completed
ORD-0296,CUST-011,32,1,18000,2024-12-03,completed
ORD-0297,CUST-002,48,5,50000,2025-02-15,completed
ORD-0297,CUST-002,56,4,12000,2025-02-15,completed
ORD-0297,CUST-002,57,5,90000,2025-02-15,completed
ORD-0298,CUST-019,32,5,25000,2024-12-20,completed
ORD-0298,CUST-019,14,1,18000,2024-12-20,completed
ORD-0298,CUST-019,18,4,72000,2024-12-20,completed
ORD-0298,CUST-019,19,1,32000,2024-12-20,completed
ORD-0299,CUST-010,38,1,18000,2024-12-27,completed
ORD-0299,CUST-010,22,3,42000,2024-12-27,completed
ORD-0300,CUST-017,32,1,14000,2024-12-22,completed
ORD-0300,CUST-017,13,5,60000,2024-12-22,completed
ORD-0301,CUST-013,23,5,90000,2025-01-22,cancelled
ORD-0301,CUST-013,41,2,20000,2025-01-22,cancelled
ORD-0301,CUST-013,43,4,96000,2025-01-22,cancelled
ORD-0301,CUST-013,42,3,90000,2025-01-22,cancelled
ORD-0302,CUST-020,6,1,70000,2025-02-23,completed
ORD-0302,CUST-020,15,2,40000,2025-02-23,completed
ORD-0303,CUST-010,34,3,15000,2025-02-21,completed
ORD-0303,CUST-010,35,5,50000,2025-02-21,completed
ORD-0303,CUST-010,37,4,56000,2025-02-21,completed
ORD-0303,CUST-010,20,2,36000,2025-02-21,completed
ORD-0304,CUST-020,38,2,36000,2024-12-01,completed
ORD-0304,CUST-020,22,3,54000,2024-12-01,completed
ORD-0305,CUST-010,40,1,10000,2025-01-26,completed
ORD-0305,CUST-010,27,5,25000,2025-01-26,completed
ORD-0306,CUST-004,1,5,350000,2025-01-31,completed
ORD-0306,CUST-004,7,4,260000,2025-01-31,completed
ORD-0306,CUST-004,11,1,18000,2025-01-31,completed
ORD-0306,CUST-004,31,4,56000,2025-01-31,completed
ORD-0307,CUST-014,41,3,90000,2025-02-12,completed
ORD-0307,CUST-014,47,6,120000,2025-02-12,completed
ORD-0307,CUST-014,25,2,10000,2025-02-12,completed
ORD-0307,CUST-014,48,3,90000,2025-02-12,completed
ORD-0308,CUST-020,13,1,12000,2025-02-04,completed
ORD-0308,CUST-020,14,4,72000,2025-02-04,completed
ORD-0309,CUST-001,45,1,24000,2024-12-04,completed
ORD-0309,CUST-001,36,2,10000,2024-12-04,completed
ORD-0309,CUST-001,22,3,30000,2024-12-04,completed
ORD-0310,CUST-019,51,3,60000,2024-12-26,completed
ORD-0310,CUST-019,40,4,56000,2024-12-26,completed
ORD-0310,CUST-019,24,5,90000,2024-12-26,completed
ORD-0311,CUST-018,43,1,24000,2025-01-21,completed
ORD-0311,CUST-018,42,3,30000,2025-01-21,completed
ORD-0312,CUST-010,53,2,24000,2025-02-21,completed
ORD-0312,CUST-010,11,2,40000,2025-02-21,completed
ORD-0312,CUST-010,54,3,36000,2025-02-21,completed
ORD-0313,CUST-004,33,2,28000,2024-12-28,completed
ORD-0313,CUST-004,43,2,20000,2024-12-28,completed
ORD-0313,CUST-004,6,4,260000,2024-12-28,completed
ORD-0314,CUST-002,32,2,20000,2025-01-30,completed
ORD-0314,CUST-002,18,2,64000,2025-01-30,completed
ORD-0315,CUST-013,19,1,20000,2024-12-21,completed
ORD-0315,CUST-013,18,5,90000,2024-12-21,completed
ORD-0315,CUST-013,14,2,36000,2024-12-21,completed
ORD-0316,CUST-016,50,10,240000,2025-01-13,completed
ORD-0316,CUST-016,21,2,36000,2025-01-13,completed
ORD-0316,CUST-016,56,5,15000,2025-01-13,completed
ORD-0316,CUST-016,57,3,9000,2025-01-13,completed
ORD-0316,CUST-016,5,1,65000,2025-01-13,completed
ORD-0317,CUST-011,35,2,28000,2025-01-03,completed
ORD-0317,CUST-011,37,2,36000,2025-01-03,completed
ORD-0318,CUST-008,55,2,36000,2024-12-12,cancelled
ORD-0318,CUST-008,21,1,18000,2024-12-12,cancelled
ORD-0318,CUST-008,44,1,30000,2024-12-12,cancelled
ORD-0318,CUST-008,16,5,90000,2024-12-12,cancelled
ORD-0318,CUST-008,27,3,54000,2024-12-12,cancelled
ORD-0319,CUST-017,10,4,280000,2025-01-21,completed
ORD-0319,CUST-017,12,3,60000,2025-01-21,completed
ORD-0319,CUST-017,9,5,150000,2025-01-21,completed
ORD-0320,CUST-006,53,2,6000,2025-01-13,completed
ORD-0320,CUST-006,38,2,20000,2025-01-13,completed
ORD-0320,CUST-006,1,5,325000,2025-01-13,completed
ORD-0320,CUST-006,47,6,144000,2025-01-13,completed
ORD-0321,CUST-003,42,5,50000,2025-02-03,completed
ORD-0321,CUST-003,7,1,65000,2025-02-03,completed
ORD-0321,CUST-003,4,5,150000,2025-02-03,completed
ORD-0321,CUST-003,2,5,325000,2025-02-03,completed
ORD-0322,CUST-008,56,2,36000,2024-12-02,completed
ORD-0322,CUST-008,48,2,20000,2024-12-02,completed
ORD-0323,CUST-013,21,1,10000,2025-02-17,completed
ORD-0323,CUST-013,20,1,32000,2025-02-17,completed
ORD-0323,CUST-013,34,5,50000,2025-02-17,completed
ORD-0323,CUST-013,37,2,10000,2025-02-17,completed
ORD-0324,CUST-016,14,5,90000,2025-02-18,completed
ORD-0324,CUST-016,17,5,90000,2025-02-18,completed
ORD-0325,CUST-018,27,2,10000,2025-01-21,completed
ORD-0325,CUST-018,53,1,12000,2025-01-21,completed
ORD-0325,CUST-018,2,3,195000,2025-01-21,completed
ORD-0325,CUST-018,1,1,40000,2025-01-21,completed
ORD-0326,CUST-012,38,3,15000,2024-12-20,completed
ORD-0326,CUST-012,46,2,60000,2024-12-20,completed
ORD-0327,CUST-020,14,5,60000,2025-01-21,completed
ORD-0327,CUST-020,12,2,64000,2025-01-21,completed
ORD-0328,CUST-007,32,4,56000,2024-12-14,completed
ORD-0328,CUST-007,14,2,24000,2024-12-14,completed
ORD-0328,CUST-007,19,5,100000,2024-12-14,completed
ORD-0329,CUST-004,38,4,40000,2024-12-05,completed
ORD-0329,CUST-004,46,1,30000,2024-12-05,completed
ORD-0329,CUST-004,36,5,70000,2024-12-05,completed
ORD-0330,CUST-009,14,4,80000,2025-01-26,completed
ORD-0330,CUST-009,32,2,28000,2025-01-26,completed
ORD-0330,CUST-009,33,4,40000,2025-01-26,completed
ORD-0331,CUST-011,3,3,195000,2025-01-21,completed
ORD-0331,CUST-011,16,4,128000,2025-01-21,completed
ORD-0332,CUST-015,41,5,100000,2025-02-03,completed
ORD-0332,CUST-015,35,4,56000,2025-02-03,completed
ORD-0332,CUST-015,12,5,60000,2025-02-03,completed
ORD-0332,CUST-015,13,3,54000,2025-02-03,completed
ORD-0332,CUST-015,49,3,30000,2025-02-03,completed
ORD-0333,CUST-011,6,3,210000,2025-01-06,completed
ORD-0333,CUST-011,30,4,72000,2025-01-06,completed
ORD-0334,CUST-007,44,1,30000,2025-02-13,completed
ORD-0334,CUST-007,25,3,42000,2025-02-13,completed
ORD-0334,CUST-007,33,4,72000,2025-02-13,completed
ORD-0334,CUST-007,55,4,12000,2025-02-13,completed
ORD-0335,CUST-020,24,1,18000,2024-12-25,completed
ORD-0335,CUST-020,46,4,120000,2024-12-25,completed
ORD-0335,CUST-020,18,5,90000,2024-12-25,completed
ORD-0335,CUST-020,28,5,70000,2024-12-25,completed
ORD-0335,CUST-020,50,8,240000,2024-12-25,completed
ORD-0336,CUST-001,54,3,36000,2025-02-22,completed
ORD-0336,CUST-001,11,2,40000,2025-02-22,completed
ORD-0336,CUST-001,25,5,90000,2025-02-22,completed
ORD-0336,CUST-001,4,5,325000,2025-02-22,completed
ORD-0337,CUST-007,35,5,50000,2025-02-05,completed
ORD-0337,CUST-007,21,3,30000,2025-02-05,completed
ORD-0337,CUST-007,34,1,18000,2025-02-05,completed
ORD-0337,CUST-007,20,2,24000,2025-02-05,completed
ORD-0338,CUST-018,29,1,10000,2024-12-02,completed
ORD-0338,CUST-018,34,1,14000,2024-12-02,completed
ORD-0339,CUST-008,22,4,56000,2025-01-01,completed
ORD-0339,CUST-008,46,2,40000,2025-01-01,completed
ORD-0339,CUST-008,38,2,10000,2025-01-01,completed
ORD-0340,CUST-006,55,3,54000,2024-12-01,completed
ORD-0340,CUST-006,41,4,80000,2024-12-01,completed
ORD-0340,CUST-006,35,2,28000,2024-12-01,completed
ORD-0340,CUST-006,53,2,6000,2024-12-01,completed
ORD-0340,CUST-006,34,3,54000,2024-12-01,completed
ORD-0341,CUST-010,37,2,36000,2025-02-14,completed
ORD-0341,CUST-010,34,3,15000,2025-02-14,completed
ORD-0342,CUST-014,48,1,30000,2025-02-18,completed
ORD-0342,CUST-014,56,5,15000,2025-02-18,completed
ORD-0343,CUST-004,29,3,30000,2024-12-09,completed
ORD-0343,CUST-004,50,2,60000,2024-12-09,completed
ORD-0343,CUST-004,46,1,24000,2024-12-09,completed
ORD-0343,CUST-004,8,1,40000,2024-12-09,completed
ORD-0343,CUST-004,5,3,210000,2024-12-09,completed
ORD-0344,CUST-013,57,1,24000,2024-12-18,completed
ORD-0344,CUST-013,48,5,100000,2024-12-18,completed
ORD-0344,CUST-013,42,1,10000,2024-12-18,completed
ORD-0345,CUST-015,3,5,200000,2024-12-02,completed
ORD-0345,CUST-015,24,5,70000,2024-12-02,completed
ORD-0345,CUST-015,4,4,280000,2024-12-02,completed
ORD-0346,CUST-006,36,5,70000,2024-12-16,completed
ORD-0346,CUST-006,44,5,100000,2024-12-16,completed
ORD-0347,CUST-013,36,3,42000,2024-12-08,completed
ORD-0347,CUST-013,38,5,90000,2024-12-08,completed
ORD-0347,CUST-013,46,4,80000,2024-12-08,completed
ORD-0347,CUST-013,22,4,56000,2024-12-08,completed
ORD-0348,CUST-019,1,2,60000,2025-01-31,completed
ORD-0348,CUST-019,3,4,280000,2025-01-31,completed
ORD-0348,CUST-019,4,2,140000,2025-01-31,completed
ORD-0349,CUST-011,32,4,72000,2025-01-17,completed
ORD-0349,CUST-011,2,4,260000,2025-01-17,completed
ORD-0349,CUST-011,21,2,36000,2025-01-17,completed
ORD-0350,CUST-020,16,1,20000,2024-12-27,completed
ORD-0350,CUST-020,14,2,40000,2024-12-27,completed
ORD-0351,CUST-009,34,1,14000,2024-12-11,cancelled
ORD-0351,CUST-009,21,1,10000,2024-12-11,cancelled
ORD-0351,CUST-009,37,3,54000,2024-12-11,cancelled
ORD-0351,CUST-009,35,1,18000,2024-12-11,cancelled
ORD-0352,CUST-019,45,1,20000,2025-01-17,completed
ORD-0352,CUST-019,22,2,36000,2025-01-17,completed
ORD-0352,CUST-019,44,4,96000,2025-01-17,completed
ORD-0353,CUST-017,46,1,20000,2025-02-24,completed
ORD-0353,CUST-017,22,3,15000,2025-02-24,completed
ORD-0354,CUST-016,1,4,260000,2024-12-15,completed
ORD-0354,CUST-016,31,4,40000,2024-12-15,completed
ORD-0355,CUST-012,45,3,60000,2025-02-26,completed
ORD-0355,CUST-012,36,4,72000,2025-02-26,completed
ORD-0356,CUST-006,40,5,25000,2024-12-08,completed
ORD-0356,CUST-006,24,3,42000,2024-12-08,completed
ORD-0356,CUST-006,27,4,56000,2024-12-08,completed
ORD-0356,CUST-006,51,3,72000,2024-12-08,completed
ORD-0357,CUST-005,53,1,12000,2025-01-14,completed
ORD-0357,CUST-005,21,2,10000,2025-01-14,completed
ORD-0358,CUST-016,3,5,350000,2025-01-19,completed
ORD-0358,CUST-016,22,1,14000,2025-01-19,completed
ORD-0359,CUST-006,53,2,36000,2025-02-27,completed
ORD-0359,CUST-006,11,3,54000,2025-02-27,completed
ORD-0359,CUST-006,54,5,90000,2025-02-27,completed
ORD-0360,CUST-006,36,4,40000,2024-12-01,completed
ORD-0360,CUST-006,8,1,65000,2024-12-01,completed
ORD-0360,CUST-006,54,2,6000,2024-12-01,completed
ORD-0361,CUST-005,19,2,40000,2025-01-28,completed
ORD-0361,CUST-005,33,2,28000,2025-01-28,completed
ORD-0362,CUST-014,48,3,90000,2024-12-01,cancelled
ORD-0362,CUST-014,57,2,48000,2024-12-01,cancelled
ORD-0362,CUST-014,42,3,30000,2024-12-01,cancelled
ORD-0363,CUST-007,57,1,3000,2025-02-09,completed
ORD-0363,CUST-007,48,3,90000,2025-02-09,completed
ORD-0363,CUST-007,56,3,54000,2025-02-09,completed
ORD-0363,CUST-007,42,1,30000,2025-02-09,completed
ORD-0364,CUST-015,13,2,40000,2024-12-03,completed
ORD-0364,CUST-015,19,1,12000,2024-12-03,completed
ORD-0364,CUST-015,33,4,72000,2024-12-03,completed
ORD-0364,CUST-015,32,3,30000,2024-12-03,completed
ORD-0365,CUST-007,18,4,128000,2024-12-10,completed
ORD-0365,CUST-007,33,1,10000,2024-12-10,completed
ORD-0365,CUST-007,14,3,54000,2024-12-10,completed
ORD-0365,CUST-007,19,2,64000,2024-12-10,completed
ORD-0366,CUST-020,48,4,120000,2025-02-11,completed
ORD-0366,CUST-020,42,2,48000,2025-02-11,completed
ORD-0366,CUST-020,57,5,60000,2025-02-11,completed
ORD-0367,CUST-020,8,1,30000,2024-12-31,completed
ORD-0367,CUST-020,24,4,72000,2024-12-31,completed
ORD-0367,CUST-020,14,3,60000,2024-12-31,completed
ORD-0367,CUST-020,57,2,48000,2024-12-31,completed
ORD-0367,CUST-020,49,4,120000,2024-12-31,completed
ORD-0368,CUST-005,6,4,120000,2025-02-02,completed
ORD-0368,CUST-005,15,4,72000,2025-02-02,completed
ORD-0369,CUST-009,37,2,20000,2025-01-28,completed
ORD-0369,CUST-009,52,5,15000,2025-01-28,completed
ORD-0369,CUST-009,25,5,90000,2025-01-28,completed
ORD-0370,CUST-007,17,2,24000,2025-02-11,completed
ORD-0370,CUST-007,48,1,10000,2025-02-11,completed
ORD-0370,CUST-007,36,1,14000,2025-02-11,completed
ORD-0370,CUST-007,41,1,20000,2025-02-11,completed
ORD-0371,CUST-012,43,2,48000,2025-02-04,completed
ORD-0371,CUST-012,45,2,48000,2025-02-04,completed
ORD-0372,CUST-005,53,3,9000,2025-01-16,completed
ORD-0372,CUST-005,11,3,96000,2025-01-16,completed
ORD-0373,CUST-015,2,3,210000,2024-12-31,completed
ORD-0373,CUST-015,3,3,210000,2024-12-31,completed
ORD-0374,CUST-006,19,5,160000,2025-02-22,completed
ORD-0374,CUST-006,20,3,54000,2025-02-22,completed
ORD-0374,CUST-006,51,1,30000,2025-02-22,completed
ORD-0375,CUST-005,24,2,36000,2024-12-16,completed
ORD-0375,CUST-005,27,1,10000,2024-12-16,completed
ORD-0375,CUST-005,51,4,80000,2024-12-16,completed
ORD-0376,CUST-019,56,2,36000,2025-01-26,completed
ORD-0376,CUST-019,48,1,10000,2025-01-26,completed
ORD-0376,CUST-019,57,2,36000,2025-01-26,completed
ORD-0377,CUST-014,43,2,48000,2025-02-14,completed
ORD-0377,CUST-014,42,3,30000,2025-02-14,completed
ORD-0377,CUST-014,23,3,42000,2025-02-14,completed
ORD-0377,CUST-014,41,4,40000,2025-02-14,completed
ORD-0378,CUST-010,46,1,20000,2025-02-03,completed
ORD-0378,CUST-010,4,3,120000,2025-02-03,completed
ORD-0379,CUST-018,6,4,160000,2025-02-03,completed
ORD-0379,CUST-018,54,5,90000,2025-02-03,completed
ORD-0380,CUST-009,13,1,20000,2024-12-19,completed
ORD-0380,CUST-009,33,5,50000,2024-12-19,completed
ORD-0380,CUST-009,19,1,12000,2024-12-19,completed
ORD-0380,CUST-009,14,5,100000,2024-12-19,completed
ORD-0381,CUST-017,53,2,36000,2025-01-12,completed
ORD-0381,CUST-017,11,3,60000,2025-01-12,completed
ORD-0382,CUST-009,36,5,25000,2025-01-22,completed
ORD-0382,CUST-009,46,3,90000,2025-01-22,completed
ORD-0382,CUST-009,22,5,50000,2025-01-22,completed
ORD-0382,CUST-009,38,5,50000,2025-01-22,completed
ORD-0383,CUST-003,13,1,32000,2025-01-22,completed
ORD-0383,CUST-003,16,4,72000,2025-01-22,completed
ORD-0383,CUST-003,14,5,90000,2025-01-22,completed
ORD-0383,CUST-003,17,4,128000,2025-01-22,completed
ORD-0384,CUST-011,2,4,160000,2024-12-07,completed
ORD-0384,CUST-011,49,2,60000,2024-12-07,completed
ORD-0385,CUST-004,21,2,36000,2025-02-04,completed
ORD-0385,CUST-004,30,3,54000,2025-02-04,completed
ORD-0385,CUST-004,57,3,9000,2025-02-04,completed
ORD-0386,CUST-013,19,3,54000,2024-12-07,completed
ORD-0386,CUST-013,33,2,20000,2024-12-07,completed
ORD-0386,CUST-013,18,1,18000,2024-12-07,completed
ORD-0386,CUST-013,32,5,50000,2024-12-07,completed
ORD-0387,CUST-020,38,4,72000,2025-02-10,completed
ORD-0387,CUST-020,22,2,20000,2025-02-10,completed
ORD-0388,CUST-006,13,3,54000,2024-12-21,completed
ORD-0388,CUST-006,37,2,36000,2024-12-21,completed
ORD-0388,CUST-006,10,3,120000,2024-12-21,completed
ORD-0388,CUST-006,44,3,90000,2024-12-21,completed
ORD-0388,CUST-006,49,4,96000,2024-12-21,completed
ORD-0389,CUST-019,31,5,70000,2025-02-24,completed
ORD-0389,CUST-019,17,3,36000,2025-02-24,completed
ORD-0390,CUST-006,42,4,80000,2024-12-14,completed
ORD-0390,CUST-006,48,4,120000,2024-12-14,completed
ORD-0390,CUST-006,57,4,48000,2024-12-14,completed
ORD-0391,CUST-014,52,9,27000,2024-12-05,completed
ORD-0391,CUST-014,50,8,240000,2024-12-05,completed
ORD-0392,CUST-017,33,4,40000,2025-01-26,completed
ORD-0392,CUST-017,18,5,160000,2025-01-26,completed
ORD-0392,CUST-017,19,5,160000,2025-01-26,completed
ORD-0392,CUST-017,32,3,42000,2025-01-26,completed
ORD-0393,CUST-015,11,5,100000,2025-02-10,completed
ORD-0393,CUST-015,53,2,6000,2025-02-10,completed
ORD-0393,CUST-015,54,2,6000,2025-02-10,completed
ORD-0394,CUST-003,2,2,80000,2025-01-04,completed
ORD-0394,CUST-003,4,2,80000,2025-01-04,completed
ORD-0395,CUST-006,43,5,100000,2025-01-05,completed
ORD-0395,CUST-006,41,4,40000,2025-01-05,completed
ORD-0395,CUST-006,23,4,20000,2025-01-05,completed
ORD-0395,CUST-006,42,2,40000,2025-01-05,completed
ORD-0396,CUST-002,33,3,30000,2025-01-20,completed
ORD-0396,CUST-002,32,2,36000,2025-01-20,completed
ORD-0396,CUST-002,18,3,60000,2025-01-20,completed
ORD-0397,CUST-012,42,1,24000,2025-02-06,completed
ORD-0397,CUST-012,20,2,40000,2025-02-06,completed
ORD-0397,CUST-012,33,3,54000,2025-02-06,completed
ORD-0397,CUST-012,23,2,10000,2025-02-06,completed
ORD-0397,CUST-012,40,2,36000,2025-02-06,completed
ORD-0398,CUST-004,40,2,10000,2025-01-08,completed
ORD-0398,CUST-004,27,3,30000,2025-01-08,completed
ORD-0398,CUST-004,24,1,5000,2025-01-08,completed
ORD-0399,CUST-009,31,5,90000,2025-01-21,cancelled
ORD-0399,CUST-009,7,4,160000,2025-01-21,cancelled
ORD-0400,CUST-009,5,2,60000,2025-01-17,completed
ORD-0400,CUST-009,1,1,40000,2025-01-17,completed
ORD-0400,CUST-009,3,3,120000,2025-01-17,completed
ORD-0401,CUST-006,41,5,50000,2025-02-02,completed
ORD-0401,CUST-006,23,5,25000,2025-02-02,completed
ORD-0402,CUST-007,37,3,30000,2025-01-19,completed
ORD-0402,CUST-007,21,3,15000,2025-01-19,completed
ORD-0403,CUST-001,22,5,50000,2025-02-08,completed
ORD-0403,CUST-001,44,5,50000,2025-02-08,completed
ORD-0403,CUST-001,45,3,60000,2025-02-08,completed
ORD-0404,CUST-007,9,5,325000,2024-12-26,completed
ORD-0404,CUST-007,36,4,56000,2024-12-26,completed
ORD-0404,CUST-007,7,1,30000,2024-12-26,completed
ORD-0404,CUST-007,42,5,100000,2024-12-26,completed
ORD-0405,CUST-002,42,3,72000,2024-12-09,completed
ORD-0405,CUST-002,23,1,18000,2024-12-09,completed
ORD-0405,CUST-002,41,2,20000,2024-12-09,completed
ORD-0406,CUST-017,54,1,24000,2025-02-17,completed
ORD-0406,CUST-017,53,1,24000,2025-02-17,completed
ORD-0407,CUST-016,36,3,42000,2025-01-09,completed
ORD-0407,CUST-016,38,3,42000,2025-01-09,completed
ORD-0407,CUST-016,22,4,20000,2025-01-09,completed
ORD-0408,CUST-003,37,5,50000,2025-02-03,completed
ORD-0408,CUST-003,35,4,40000,2025-02-03,completed
ORD-0409,CUST-019,23,5,90000,2025-02-12,completed
ORD-0409,CUST-019,42,4,96000,2025-02-12,completed
ORD-0410,CUST-018,26,4,40000,2024-12-26,completed
ORD-0410,CUST-018,35,5,90000,2024-12-26,completed
ORD-0410,CUST-018,3,4,120000,2024-12-26,completed
ORD-0410,CUST-018,43,2,40000,2024-12-26,completed
ORD-0411,CUST-010,21,3,15000,2025-01-31,completed
ORD-0411,CUST-010,37,5,25000,2025-01-31,completed
ORD-0412,CUST-011,53,3,72000,2025-02-01,completed
ORD-0412,CUST-011,11,1,12000,2025-02-01,completed
ORD-0412,CUST-011,54,3,9000,2025-02-01,completed
ORD-0413,CUST-008,32,2,20000,2024-12-13,cancelled
ORD-0413,CUST-008,19,5,90000,2024-12-13,cancelled
ORD-0414,CUST-009,15,5,60000,2024-12-30,completed
ORD-0414,CUST-009,32,1,10000,2024-12-30,completed
ORD-0414,CUST-009,4,4,260000,2024-12-30,completed
ORD-0414,CUST-009,56,3,54000,2024-12-30,completed
ORD-0414,CUST-009,17,3,54000,2024-12-30,completed
ORD-0415,CUST-017,10,2,140000,2025-01-18,completed
ORD-0415,CUST-017,24,4,20000,2025-01-18,completed
ORD-0415,CUST-017,18,4,80000,2025-01-18,completed
ORD-0415,CUST-017,19,1,18000,2025-01-18,completed
ORD-0416,CUST-011,10,4,280000,2025-02-12,completed
ORD-0416,CUST-011,48,3,60000,2025-02-12,completed
ORD-0416,CUST-011,37,5,70000,2025-02-12,completed
ORD-0417,CUST-004,30,2,36000,2025-01-10,completed
ORD-0417,CUST-004,15,4,72000,2025-01-10,completed
ORD-0418,CUST-010,50,2,60000,2025-01-28,completed
ORD-0418,CUST-010,28,1,14000,2025-01-28,completed
ORD-0418,CUST-010,4,2,80000,2025-01-28,completed
ORD-0418,CUST-010,51,3,60000,2025-01-28,completed
ORD-0418,CUST-010,36,2,28000,2025-01-28,completed
ORD-0419,CUST-005,15,3,36000,2025-01-23,completed
ORD-0419,CUST-005,30,2,36000,2025-01-23,completed
ORD-0419,CUST-005,6,5,350000,2025-01-23,completed
ORD-0420,CUST-011,38,2,20000,2024-12-31,completed
ORD-0420,CUST-011,3,4,260000,2024-12-31,completed
ORD-0421,CUST-003,5,2,60000,2024-12-14,completed
ORD-0421,CUST-003,30,1,18000,2024-12-14,completed
ORD-0421,CUST-003,42,3,30000,2024-12-14,completed
ORD-0421,CUST-003,15,3,54000,2024-12-14,completed
ORD-0422,CUST-007,19,4,80000,2025-01-23,completed
ORD-0422,CUST-007,14,4,80000,2025-01-23,completed
ORD-0422,CUST-007,32,2,36000,2025-01-23,completed
ORD-0422,CUST-007,33,4,56000,2025-01-23,completed
ORD-0423,CUST-012,32,1,10000,2025-01-03,completed
ORD-0423,CUST-012,19,5,60000,2025-01-03,completed
ORD-0423,CUST-012,13,5,160000,2025-01-03,completed
ORD-0424,CUST-013,42,2,40000,2025-01-14,completed
ORD-0424,CUST-013,23,2,20000,2025-01-14,completed
ORD-0424,CUST-013,41,1,30000,2025-01-14,completed
ORD-0425,CUST-001,25,5,25000,2025-02-28,completed
ORD-0425,CUST-001,39,4,20000,2025-02-28,completed
ORD-0425,CUST-001,26,3,54000,2025-02-28,completed
ORD-0426,CUST-016,55,3,54000,2025-02-17,completed
ORD-0426,CUST-016,32,3,30000,2025-02-17,completed
ORD-0426,CUST-016,30,5,90000,2025-02-17,completed
ORD-0427,CUST-005,35,3,54000,2024-12-23,completed
ORD-0427,CUST-005,20,2,40000,2024-12-23,completed
ORD-0427,CUST-005,21,3,42000,2024-12-23,completed
ORD-0428,CUST-005,14,2,64000,2025-02-04,completed
ORD-0428,CUST-005,19,3,60000,2025-02-04,completed
ORD-0429,CUST-015,41,1,24000,2025-02-26,completed
ORD-0429,CUST-015,42,5,150000,2025-02-26,completed
ORD-0429,CUST-015,43,3,60000,2025-02-26,completed
ORD-0429,CUST-015,23,1,10000,2025-02-26,completed
ORD-0430,CUST-015,36,4,72000,2025-01-22,cancelled
ORD-0430,CUST-015,8,2,60000,2025-01-22,cancelled
ORD-0431,CUST-016,43,4,96000,2024-12-04,completed
ORD-0431,CUST-016,42,3,72000,2024-12-04,completed
ORD-0432,CUST-014,14,3,96000,2025-01-31,completed
ORD-0432,CUST-014,13,1,18000,2025-01-31,completed
ORD-0432,CUST-014,32,1,14000,2025-01-31,completed
ORD-0432,CUST-014,19,1,20000,2025-01-31,completed
ORD-0433,CUST-003,7,4,160000,2025-01-24,completed
ORD-0433,CUST-003,31,5,90000,2025-01-24,completed
ORD-0434,CUST-019,41,2,48000,2024-12-08,completed
ORD-0434,CUST-019,53,1,24000,2024-12-08,completed
ORD-0434,CUST-019,10,1,65000,2024-12-08,completed
ORD-0434,CUST-019,4,1,70000,2024-12-08,completed
ORD-0434,CUST-019,55,1,24000,2024-12-08,completed
ORD-0435,CUST-011,11,4,72000,2024-12-31,completed
ORD-0435,CUST-011,54,3,36000,2024-12-31,completed
ORD-0435,CUST-011,53,2,36000,2024-12-31,completed
ORD-0436,CUST-016,14,4,128000,2025-01-24,completed
ORD-0436,CUST-016,18,3,54000,2025-01-24,completed
ORD-0437,CUST-007,35,5,25000,2025-01-10,completed
ORD-0437,CUST-007,20,2,36000,2025-01-10,completed
ORD-0437,CUST-007,21,2,36000,2025-01-10,completed
ORD-0437,CUST-007,34,2,36000,2025-01-10,completed
ORD-0438,CUST-018,35,5,25000,2025-02-17,completed
ORD-0438,CUST-018,34,3,30000,2025-02-17,completed
ORD-0438,CUST-018,20,3,60000,2025-02-17,completed
ORD-0438,CUST-018,21,2,36000,2025-02-17,completed
ORD-0439,CUST-005,7,5,200000,2024-12-01,completed
ORD-0439,CUST-005,38,1,10000,2024-12-01,completed
ORD-0439,CUST-005,28,2,28000,2024-12-01,completed
ORD-0439,CUST-005,50,8,160000,2024-12-01,completed
ORD-0440,CUST-019,40,3,15000,2025-02-03,completed
ORD-0440,CUST-019,27,4,20000,2025-02-03,completed
ORD-0440,CUST-019,51,1,30000,2025-02-03,completed
ORD-0440,CUST-019,24,3,30000,2025-02-03,completed
ORD-0441,CUST-020,1,4,120000,2025-02-15,cancelled
ORD-0441,CUST-020,2,5,150000,2025-02-15,cancelled
ORD-0441,CUST-020,4,1,70000,2025-02-15,cancelled
ORD-0441,CUST-020,5,3,90000,2025-02-15,cancelled
ORD-0442,CUST-008,31,4,72000,2025-02-28,completed
ORD-0442,CUST-008,1,2,130000,2025-02-28,completed
ORD-0442,CUST-008,11,3,36000,2025-02-28,completed
ORD-0443,CUST-020,8,5,350000,2024-12-21,completed
ORD-0443,CUST-020,12,5,60000,2024-12-21,completed
ORD-0443,CUST-020,9,3,120000,2024-12-21,completed
ORD-0443,CUST-020,7,1,70000,2024-12-21,completed
ORD-0444,CUST-001,35,4,56000,2025-02-18,completed
ORD-0444,CUST-001,34,4,20000,2025-02-18,completed
ORD-0444,CUST-001,21,2,36000,2025-02-18,completed
ORD-0445,CUST-003,2,4,120000,2025-01-24,completed
ORD-0445,CUST-003,3,3,90000,2025-01-24,completed
ORD-0445,CUST-003,1,3,120000,2025-01-24,completed
ORD-0445,CUST-003,5,3,90000,2025-01-24,completed
ORD-0446,CUST-012,30,4,40000,2024-12-01,cancelled
ORD-0446,CUST-012,15,1,20000,2024-12-01,cancelled
ORD-0446,CUST-012,6,3,195000,2024-12-01,cancelled
ORD-0447,CUST-013,46,1,24000,2025-01-25,completed
ORD-0447,CUST-013,40,3,54000,2025-01-25,completed
ORD-0447,CUST-013,21,1,5000,2025-01-25,completed
ORD-0447,CUST-013,54,5,120000,2025-01-25,completed
ORD-0448,CUST-011,43,1,20000,2024-12-19,completed
ORD-0448,CUST-011,42,1,20000,2024-12-19,completed
ORD-0448,CUST-011,41,3,60000,2024-12-19,completed
ORD-0449,CUST-007,36,3,30000,2025-01-25,completed
ORD-0449,CUST-007,46,1,10000,2025-01-25,completed
ORD-0449,CUST-007,38,2,20000,2025-01-25,completed
ORD-0449,CUST-007,22,4,72000,2025-01-25,completed
ORD-0450,CUST-006,31,5,25000,2024-12-05,completed
ORD-0450,CUST-006,11,4,128000,2024-12-05,completed
ORD-0451,CUST-003,43,1,24000,2025-01-30,completed
ORD-0451,CUST-003,41,5,100000,2025-01-30,completed
ORD-0452,CUST-008,46,2,20000,2025-02-04,completed
ORD-0452,CUST-008,36,5,25000,2025-02-04,completed
ORD-0452,CUST-008,22,3,42000,2025-02-04,completed
ORD-0452,CUST-008,38,3,42000,2025-02-04,completed
ORD-0453,CUST-020,18,3,36000,2024-12-08,completed
ORD-0453,CUST-020,32,1,14000,2024-12-08,completed
ORD-0453,CUST-020,33,4,72000,2024-12-08,completed
ORD-0454,CUST-001,36,4,40000,2025-02-26,completed
ORD-0454,CUST-001,44,3,60000,2025-02-26,completed
ORD-0454,CUST-001,22,3,54000,2025-02-26,completed
ORD-0454,CUST-001,45,3,90000,2025-02-26,completed
ORD-0455,CUST-011,37,1,18000,2025-01-16,completed
ORD-0455,CUST-011,34,1,5000,2025-01-16,completed
ORD-0455,CUST-011,35,3,15000,2025-01-16,completed
ORD-0456,CUST-005,20,2,36000,2025-02-24,completed
ORD-0456,CUST-005,12,5,90000,2025-02-24,completed
ORD-0456,CUST-005,25,4,72000,2025-02-24,completed
ORD-0456,CUST-005,31,2,36000,2025-02-24,completed
ORD-0456,CUST-005,44,3,90000,2025-02-24,completed
ORD-0457,CUST-019,53,3,36000,2024-12-12,completed
ORD-0457,CUST-019,54,1,3000,2024-12-12,completed
ORD-0457,CUST-019,11,1,12000,2024-12-12,completed
ORD-0458,CUST-014,25,1,5000,2024-12-22,completed
ORD-0458,CUST-014,57,2,6000,2024-12-22,completed
ORD-0458,CUST-014,31,4,40000,2024-12-22,completed
ORD-0458,CUST-014,29,1,10000,2024-12-22,completed
ORD-0459,CUST-008,30,1,18000,2024-12-03,completed
ORD-0459,CUST-008,40,4,40000,2024-12-03,completed
ORD-0460,CUST-003,15,2,64000,2024-12-25,completed
ORD-0460,CUST-003,30,3,42000,2024-12-25,completed
ORD-0460,CUST-003,6,2,60000,2024-12-25,completed
ORD-0461,CUST-010,7,3,195000,2025-01-27,completed
ORD-0461,CUST-010,27,2,28000,2025-01-27,completed
ORD-0461,CUST-010,46,1,20000,2025-01-27,completed
ORD-0462,CUST-015,56,3,36000,2024-12-01,completed
ORD-0462,CUST-015,48,1,10000,2024-12-01,completed
ORD-0462,CUST-015,42,3,60000,2024-12-01,completed
ORD-0462,CUST-015,57,3,36000,2024-12-01,completed
ORD-0463,CUST-014,6,5,325000,2025-01-10,cancelled
ORD-0463,CUST-014,41,1,24000,2025-01-10,cancelled
ORD-0463,CUST-014,27,4,40000,2025-01-10,cancelled
ORD-0464,CUST-003,7,2,80000,2025-02-25,completed
ORD-0464,CUST-003,11,1,18000,2025-02-25,completed
ORD-0465,CUST-016,22,1,14000,2025-01-06,completed
ORD-0465,CUST-016,44,2,20000,2025-01-06,completed
ORD-0465,CUST-016,36,3,30000,2025-01-06,completed
ORD-0466,CUST-008,46,5,120000,2025-01-10,cancelled
ORD-0466,CUST-008,23,2,20000,2025-01-10,cancelled
ORD-0466,CUST-008,38,5,25000,2025-01-10,cancelled
ORD-0466,CUST-008,37,1,5000,2025-01-10,cancelled
ORD-0466,CUST-008,4,5,325000,2025-01-10,cancelled
ORD-0467,CUST-006,3,5,350000,2025-02-21,completed
ORD-0467,CUST-006,2,2,80000,2025-02-21,completed
ORD-0467,CUST-006,4,2,140000,2025-02-21,completed
ORD-0467,CUST-006,5,4,260000,2025-02-21,completed
ORD-0468,CUST-015,42,4,80000,2025-02-12,completed
ORD-0468,CUST-015,43,5,100000,2025-02-12,completed
ORD-0469,CUST-006,15,1,32000,2025-01-18,completed
ORD-0469,CUST-006,30,1,10000,2025-01-18,completed
ORD-0470,CUST-011,12,4,48000,2025-02-23,completed
ORD-0470,CUST-011,9,1,70000,2025-02-23,completed
ORD-0470,CUST-011,8,4,260000,2025-02-23,completed
ORD-0471,CUST-004,39,4,40000,2025-01-27,completed
ORD-0471,CUST-004,52,8,24000,2025-01-27,completed
ORD-0471,CUST-004,12,3,96000,2025-01-27,completed
ORD-0472,CUST-019,8,5,150000,2025-02-03,completed
ORD-0472,CUST-019,7,3,90000,2025-02-03,completed
ORD-0472,CUST-019,10,1,65000,2025-02-03,completed
ORD-0472,CUST-019,12,4,128000,2025-02-03,completed
ORD-0473,CUST-006,30,5,70000,2025-01-31,completed
ORD-0473,CUST-006,6,2,130000,2025-01-31,completed
ORD-0474,CUST-001,18,5,100000,2025-02-22,completed
ORD-0474,CUST-001,14,3,96000,2025-02-22,completed
ORD-0474,CUST-001,16,5,90000,2025-02-22,completed
ORD-0475,CUST-013,36,1,10000,2024-12-22,completed
ORD-0475,CUST-013,38,2,10000,2024-12-22,completed
ORD-0475,CUST-013,13,1,18000,2024-12-22,completed
ORD-0475,CUST-013,14,4,128000,2024-12-22,completed
ORD-0476,CUST-008,6,1,30000,2025-01-22,completed
ORD-0476,CUST-008,15,2,24000,2025-01-22,completed
ORD-0477,CUST-007,44,2,20000,2025-01-30,completed
ORD-0477,CUST-007,36,3,15000,2025-01-30,completed
ORD-0477,CUST-007,45,3,72000,2025-01-30,completed
ORD-0477,CUST-007,22,1,14000,2025-01-30,completed
ORD-0478,CUST-020,56,5,90000,2025-02-09,completed
ORD-0478,CUST-020,48,5,150000,2025-02-09,completed
ORD-0478,CUST-020,57,2,48000,2025-02-09,completed
ORD-0479,CUST-012,50,8,160000,2024-12-18,completed
ORD-0479,CUST-012,57,4,72000,2024-12-18,completed
ORD-0479,CUST-012,47,2,20000,2024-12-18,completed
ORD-0480,CUST-005,57,5,15000,2024-12-31,completed
ORD-0480,CUST-005,42,4,80000,2024-12-31,completed
ORD-0480,CUST-005,48,2,60000,2024-12-31,completed
ORD-0481,CUST-006,27,2,10000,2025-01-31,completed
ORD-0481,CUST-006,40,3,54000,2025-01-31,completed
ORD-0481,CUST-006,24,5,50000,2025-01-31,completed
ORD-0482,CUST-011,43,2,20000,2025-02-12,completed
ORD-0482,CUST-011,42,5,50000,2025-02-12,completed
ORD-0482,CUST-011,41,1,10000,2025-02-12,completed
ORD-0482,CUST-011,23,1,10000,2025-02-12,completed
ORD-0483,CUST-008,14,5,90000,2025-02-14,completed
ORD-0483,CUST-008,17,3,96000,2025-02-14,completed
ORD-0483,CUST-008,16,4,48000,2025-02-14,completed
ORD-0484,CUST-001,57,2,36000,2025-02-24,completed
ORD-0484,CUST-001,50,5,120000,2025-02-24,completed
ORD-0484,CUST-001,47,7,210000,2025-02-24,completed
ORD-0484,CUST-001,52,9,216000,2025-02-24,completed
ORD-0485,CUST-018,24,2,28000,2024-12-16,completed
ORD-0485,CUST-018,45,1,24000,2024-12-16,completed
ORD-0486,CUST-020,40,4,20000,2024-12-18,completed
ORD-0486,CUST-020,1,3,90000,2024-12-18,completed
ORD-0486,CUST-020,56,2,48000,2024-12-18,completed
ORD-0486,CUST-020,17,2,24000,2024-12-18,completed
ORD-0486,CUST-020,37,4,56000,2024-12-18,completed
ORD-0487,CUST-008,38,3,42000,2024-12-20,completed
ORD-0487,CUST-008,36,2,36000,2024-12-20,completed
ORD-0488,CUST-018,42,2,60000,2025-01-29,completed
ORD-0488,CUST-018,43,1,30000,2025-01-29,completed
ORD-0488,CUST-018,23,2,20000,2025-01-29,completed
ORD-0488,CUST-018,41,3,72000,2025-01-29,completed
ORD-0489,CUST-005,34,4,20000,2025-01-18,completed
ORD-0489,CUST-005,32,5,25000,2025-01-18,completed
ORD-0489,CUST-005,22,1,5000,2025-01-18,completed
ORD-0489,CUST-005,10,1,40000,2025-01-18,completed
ORD-0490,CUST-020,24,4,40000,2024-12-01,completed
ORD-0490,CUST-020,27,2,28000,2024-12-01,completed
ORD-0490,CUST-020,51,5,50000,2024-12-01,completed
ORD-0490,CUST-020,40,3,54000,2024-12-01,completed
ORD-0491,CUST-014,53,2,36000,2024-12-18,completed
ORD-0491,CUST-014,11,4,48000,2024-12-18,completed
ORD-0491,CUST-014,54,4,96000,2024-12-18,completed
ORD-0492,CUST-017,20,2,64000,2024-12-18,completed
ORD-0492,CUST-017,37,5,70000,2024-12-18,completed
ORD-0492,CUST-017,21,2,20000,2024-12-18,completed
ORD-0493,CUST-011,36,3,15000,2025-01-09,completed
ORD-0493,CUST-011,45,3,72000,2025-01-09,completed
ORD-0493,CUST-011,22,5,90000,2025-01-09,completed
ORD-0493,CUST-011,44,2,40000,2025-01-09,completed
ORD-0494,CUST-009,50,6,120000,2025-01-16,completed
ORD-0494,CUST-009,52,2,36000,2025-01-16,completed
ORD-0494,CUST-009,48,1,30000,2025-01-16,completed
ORD-0494,CUST-009,57,5,120000,2025-01-16,completed
ORD-0495,CUST-015,45,2,60000,2024-12-28,completed
ORD-0495,CUST-015,36,5,90000,2024-12-28,completed
ORD-0495,CUST-015,44,4,96000,2024-12-28,completed
ORD-0496,CUST-006,5,5,350000,2025-02-22,completed
ORD-0496,CUST-006,4,5,150000,2025-02-22,completed
ORD-0497,CUST-020,24,2,28000,2025-01-06,completed
ORD-0497,CUST-020,51,1,20000,2025-01-06,completed
ORD-0498,CUST-003,52,4,12000,2025-01-26,completed
ORD-0498,CUST-003,1,3,120000,2025-01-26,completed
ORD-0498,CUST-003,31,5,70000,2025-01-26,completed
ORD-0498,CUST-003,16,3,60000,2025-01-26,completed
ORD-0498,CUST-003,26,1,5000,2025-01-26,completed
ORD-0499,CUST-014,32,3,42000,2025-02-05,completed
ORD-0499,CUST-014,18,3,54000,2025-02-05,completed
ORD-0499,CUST-014,33,3,42000,2025-02-05,completed
ORD-0499,CUST-014,19,4,48000,2025-02-05,completed
ORD-0500,CUST-019,31,1,5000,2024-12-02,completed
ORD-0500,CUST-019,48,1,10000,2024-12-02,completed
ORD-0500,CUST-019,18,3,96000,2024-12-02,completed
ORD-0500,CUST-019,50,10,200000,2024-12-02,completed
